order_id,customer_id,product_id,quantity,discount_pct,order_date,location_id,revenue,cost,profit
1,240,41,1,0.2,2022-04-07 23:30:43,1,267.07,147.92,119.15
2,74,4,3,0.32,2020-02-14 23:56:08,5,325.62,271.2,54.42
3,95,59,5,0.27,2020-09-02 23:59:05,4,231.45,239.9,-8.45
4,156,40,4,0.11,2021-11-26 19:46:19,6,1399.19,1112.2,286.99
5,252,37,5,0.38,2021-08-07 00:52:33,4,466.02,385.2,80.82
6,116,43,1,0.28,2023-06-26 09:52:04,5,293.72,200.74,92.98
7,149,18,3,0.4,2023-02-21 12:16:38,5,515.75,509.67,6.08
8,13,48,4,0.39,2020-08-20 02:18:50,1,570.06,675.92,-105.86
9,35,60,4,0.37,2022-05-13 13:43:41,1,1212.47,1346.12,-133.65
10,17,28,5,0.3,2021-10-25 10:25:22,5,544.11,472.8,71.31
11,22,11,3,0.24,2020-05-27 16:03:29,2,237.01,146.01,91.0
12,261,31,4,0.07,2022-08-30 05:35:56,2,413.74,325.0,88.74
13,253,16,3,0.22,2022-02-23 07:02:16,5,916.02,480.45,435.57
14,247,30,5,0.31,2020-05-07 16:31:13,2,763.07,451.9,311.17
15,17,51,1,0.21,2021-11-14 09:42:42,1,63.51,41.51,22.0
16,24,10,2,0.35,2022-12-04 05:37:54,1,96.43,94.22,2.21
17,85,60,1,0.04,2021-04-22 14:00:48,3,461.89,336.53,125.36
18,170,18,4,0.15,2021-06-05 01:26:30,4,974.2,679.56,294.64
19,101,72,2,0.2,2020-06-09 20:01:38,5,168.27,104.42,63.85
20,147,59,2,0.17,2020-10-25 08:01:03,6,105.26,95.96,9.3
21,52,22,5,0.04,2022-06-25 08:48:05,4,1143.31,710.15,433.16
22,220,46,2,0.06,2020-09-14 00:33:28,5,93.19,54.36,38.83
23,95,9,1,0.34,2021-12-05 19:37:10,2,226.27,151.32,74.95
24,20,8,1,0.19,2020-10-08 09:42:39,3,119.65,67.63,52.02
25,223,77,2,0.02,2021-10-08 09:37:41,2,745.72,486.82,258.9
26,271,65,5,0.01,2020-07-31 13:13:03,1,1932.88,1383.85,549.03
27,5,13,3,0.19,2022-06-22 10:48:50,6,958.71,748.53,210.18
28,132,23,5,0.07,2022-04-12 11:33:50,2,1324.27,1103.75,220.52
29,249,16,2,0.28,2022-07-13 19:33:00,3,563.7,320.3,243.4
30,212,32,2,0.32,2021-10-09 18:10:54,3,281.82,314.34,-32.52
31,257,24,1,0.09,2021-02-21 12:38:30,1,349.14,241.21,107.93
32,125,27,2,0.24,2020-12-30 08:29:01,6,428.35,300.2,128.15
33,112,43,3,0.06,2020-11-10 02:41:15,2,1150.39,602.22,548.17
34,213,16,5,0.12,2021-09-18 22:59:43,1,1722.42,800.75,921.67
35,47,71,2,0.36,2021-10-21 03:12:44,3,295.18,357.32,-62.14
36,72,59,4,0.22,2022-09-10 08:12:20,1,197.84,191.92,5.92
37,181,61,4,0.35,2020-03-17 13:18:27,6,1182.35,1375.76,-193.41
38,201,14,2,0.09,2021-02-15 06:47:11,2,608.06,360.0,248.06
39,36,57,5,0.13,2023-05-29 19:58:09,2,800.84,528.4,272.44
40,153,67,3,0.19,2023-08-29 06:12:43,2,552.65,374.88,177.77
41,110,15,1,0.19,2023-09-21 02:56:40,1,286.79,225.31,61.48
42,151,61,5,0.4,2021-03-23 06:22:19,1,1364.25,1719.7,-355.45
43,288,29,5,0.05,2020-07-19 05:04:02,4,96.19,58.3,37.89
44,23,64,1,0.34,2020-10-16 08:11:35,2,319.93,255.15,64.78
45,299,39,5,0.35,2020-07-11 12:52:50,1,912.37,969.65,-57.28
46,135,65,5,0.22,2023-10-25 16:03:26,2,1522.87,1383.85,139.02
47,232,12,5,0.14,2023-07-13 17:53:52,2,37.15,33.25,3.9
48,128,32,2,0.21,2023-03-29 10:02:37,3,327.41,314.34,13.07
49,94,22,4,0.12,2022-12-01 12:15:13,6,838.43,568.12,270.31
50,232,20,3,0.32,2021-05-15 23:32:32,2,125.85,80.16,45.69
51,207,25,4,0.2,2021-11-25 12:06:13,5,1021.41,752.52,268.89
52,44,31,4,0.37,2023-05-13 11:46:19,5,280.27,325.0,-44.73
53,212,11,4,0.25,2023-04-03 23:25:46,1,311.85,194.68,117.17
54,226,57,3,0.21,2022-01-27 11:15:04,4,436.32,317.04,119.28
55,117,45,4,0.28,2023-05-07 20:09:47,3,46.77,40.4,6.37
56,278,67,3,0.2,2021-05-21 06:12:27,4,545.83,374.88,170.95
57,193,57,1,0.36,2021-08-26 17:05:45,2,117.82,105.68,12.14
58,101,12,1,0.07,2023-05-10 19:59:24,3,8.04,6.65,1.39
59,4,6,5,0.39,2021-07-03 13:55:28,1,1230.25,1205.25,25.0
60,203,34,5,0.32,2023-01-03 03:51:50,6,410.72,375.45,35.27
61,63,39,3,0.34,2021-10-23 19:07:51,4,555.85,581.79,-25.94
62,227,20,1,0.19,2021-03-10 21:32:04,1,49.97,26.72,23.25
63,158,63,4,0.33,2020-11-15 11:57:29,4,366.11,332.0,34.11
64,141,47,1,0.12,2022-06-04 18:00:54,6,319.06,265.37,53.69
65,50,60,2,0.3,2021-12-01 07:16:11,5,673.6,673.06,0.54
66,214,9,2,0.06,2021-06-23 07:26:00,2,644.54,302.64,341.9
67,50,66,1,0.12,2022-12-21 00:12:27,6,316.68,239.19,77.49
68,126,17,5,0.18,2020-01-02 12:51:40,2,951.86,909.4,42.46
69,251,36,3,0.13,2020-05-14 14:27:31,2,376.6,289.56,87.04
70,277,36,2,0.15,2023-11-05 06:01:24,1,245.29,193.04,52.25
71,297,66,3,0.33,2022-08-26 18:05:14,6,723.32,717.57,5.75
72,288,23,1,0.1,2022-03-13 11:00:10,5,256.31,220.75,35.56
73,167,20,3,0.3,2020-01-22 12:17:05,4,129.55,80.16,49.39
74,61,28,3,0.03,2022-05-23 17:04:42,5,452.39,283.68,168.71
75,252,29,2,0.31,2021-09-26 19:15:52,2,27.94,23.32,4.62
76,241,15,5,0.32,2022-05-25 20:11:43,1,1203.8,1126.55,77.25
77,298,15,2,0.16,2020-02-29 20:39:20,6,594.82,450.62,144.2
78,196,19,1,0.29,2022-03-14 22:28:36,6,52.68,52.91,-0.23
79,43,38,3,0.37,2022-04-23 16:31:01,1,628.71,662.4,-33.69
80,151,28,5,0.32,2021-02-27 11:16:35,1,528.56,472.8,55.76
81,135,32,2,0.16,2020-03-20 14:07:09,4,348.13,314.34,33.79
82,253,58,1,0.19,2023-11-19 12:01:38,1,39.2,38.56,0.64
83,118,20,5,0.31,2022-11-01 16:53:48,5,212.83,133.6,79.23
84,99,73,3,0.12,2022-06-26 15:15:40,6,413.03,210.78,202.25
85,25,61,1,0.32,2023-01-24 22:48:30,2,309.23,343.94,-34.71
86,251,14,4,0.13,2022-09-06 13:05:04,2,1162.67,720.0,442.67
87,227,26,2,0.32,2020-07-15 05:09:36,6,379.47,282.8,96.67
88,13,15,5,0.03,2021-10-25 23:56:17,3,1717.19,1126.55,590.64
89,131,22,2,0.02,2023-07-21 10:59:22,2,466.85,284.06,182.79
90,144,30,3,0.4,2021-02-24 06:39:48,1,398.12,271.14,126.98
91,141,11,3,0.35,2023-11-20 10:11:23,6,202.7,146.01,56.69
92,276,2,2,0.35,2020-04-03 22:47:17,6,542.33,550.62,-8.29
93,46,36,3,0.38,2021-04-27 20:32:10,1,268.38,289.56,-21.18
94,92,57,1,0.18,2021-05-26 08:03:57,5,150.96,105.68,45.28
95,55,25,4,0.11,2022-06-20 10:18:42,1,1136.32,752.52,383.8
96,74,69,4,0.05,2020-09-14 02:27:14,1,200.3,147.32,52.98
97,273,30,5,0.2,2020-11-30 13:05:39,3,884.72,451.9,432.82
98,283,73,2,0.09,2022-08-24 15:34:22,3,284.74,140.52,144.22
99,14,19,2,0.37,2021-02-19 13:29:09,6,93.49,105.82,-12.33
100,190,44,3,0.0,2023-07-07 08:17:46,5,262.95,109.11,153.84
101,70,62,4,0.06,2023-06-24 11:33:05,1,1321.11,1064.44,256.67
102,58,5,5,0.1,2021-03-18 00:31:48,4,1876.37,868.65,1007.72
103,88,75,1,0.08,2022-03-28 12:36:00,6,85.1,42.67,42.43
104,59,30,2,0.09,2021-05-01 00:12:25,4,402.55,180.76,221.79
105,148,40,2,0.26,2021-05-18 12:19:21,2,581.68,556.1,25.58
106,299,51,2,0.13,2022-09-05 17:34:19,1,139.88,83.02,56.86
107,176,52,3,0.25,2021-03-03 23:06:04,3,786.78,635.73,151.05
108,217,2,5,0.36,2020-08-05 22:28:15,3,1334.98,1376.55,-41.57
109,148,70,1,0.24,2021-01-13 07:25:11,3,343.36,228.15,115.21
110,5,50,5,0.28,2023-09-18 23:29:14,1,910.87,988.25,-77.38
111,26,80,4,0.15,2021-01-13 14:41:02,1,1072.77,661.48,411.29
112,81,38,4,0.06,2021-06-15 05:11:28,4,1250.76,883.2,367.56
113,74,50,4,0.13,2022-07-07 01:46:14,6,880.51,790.6,89.91
114,253,36,1,0.39,2020-05-27 18:01:42,4,88.02,96.52,-8.5
115,254,72,4,0.25,2021-01-26 22:47:23,3,315.51,208.84,106.67
116,257,67,2,0.11,2020-09-12 00:55:39,6,404.83,249.92,154.91
117,192,73,3,0.18,2023-09-11 13:40:17,5,384.87,210.78,174.09
118,167,41,4,0.33,2023-09-23 19:25:20,5,894.69,591.68,303.01
119,195,64,4,0.27,2023-01-08 08:55:22,4,1415.44,1020.6,394.84
120,123,29,2,0.22,2020-12-26 19:03:35,5,31.59,23.32,8.27
121,202,37,2,0.35,2022-06-18 23:10:56,4,195.43,154.08,41.35
122,239,61,3,0.27,2022-08-24 21:53:55,4,995.9,1031.82,-35.92
123,229,7,1,0.26,2023-06-23 07:01:29,4,145.63,104.69,40.94
124,185,57,4,0.08,2020-08-16 00:01:45,5,677.49,422.72,254.77
125,18,2,1,0.04,2022-12-10 22:20:30,6,400.49,275.31,125.18
126,218,47,3,0.39,2020-10-10 09:19:23,2,663.5,796.11,-132.61
127,110,39,4,0.24,2022-04-10 07:00:28,5,853.42,775.72,77.7
128,224,38,1,0.17,2023-07-07 16:30:25,1,276.1,220.8,55.3
129,162,40,5,0.24,2020-03-31 15:02:35,4,1493.51,1390.25,103.26
130,265,40,2,0.02,2020-08-04 03:05:02,6,770.34,556.1,214.24
131,102,33,1,0.33,2023-04-02 04:05:25,4,286.38,194.95,91.43
132,280,37,4,0.09,2020-01-28 09:01:13,2,547.2,308.16,239.04
133,254,46,3,0.32,2022-09-27 06:49:55,4,101.12,81.54,19.58
134,100,62,4,0.21,2022-01-01 19:12:39,3,1110.3,1064.44,45.86
135,145,45,4,0.11,2021-05-21 00:59:24,3,57.81,40.4,17.41
136,160,52,3,0.01,2023-06-13 13:56:51,2,1038.55,635.73,402.82
137,231,67,5,0.33,2023-05-24 11:31:37,4,761.89,624.8,137.09
138,207,80,2,0.07,2021-04-20 22:43:34,2,586.87,330.74,256.13
139,256,9,3,0.02,2020-01-07 11:08:27,3,1007.95,453.96,553.99
140,111,58,1,0.3,2020-07-06 02:48:21,6,33.87,38.56,-4.69
141,152,19,4,0.14,2020-06-05 18:03:14,5,255.25,211.64,43.61
142,130,16,2,0.16,2023-12-05 01:22:05,3,657.65,320.3,337.35
143,273,64,4,0.1,2022-05-21 11:04:41,6,1745.06,1020.6,724.46
144,92,6,5,0.34,2022-09-15 00:55:17,1,1331.09,1205.25,125.84
145,177,68,5,0.12,2020-12-03 02:54:15,6,614.94,305.95,308.99
146,37,62,5,0.08,2023-05-27 00:11:59,3,1616.26,1330.55,285.71
147,256,80,1,0.12,2022-11-21 02:20:17,5,277.66,165.37,112.29
148,116,54,1,0.08,2023-01-03 02:55:30,6,178.12,149.93,28.19
149,103,70,5,0.13,2021-11-14 15:14:41,4,1965.29,1140.75,824.54
150,175,10,2,0.03,2022-10-16 10:24:33,4,143.91,94.22,49.69
151,150,72,1,0.06,2022-03-05 07:33:46,5,98.86,52.21,46.65
152,255,13,2,0.17,2021-07-15 11:07:29,2,654.92,499.02,155.9
153,160,26,5,0.35,2022-05-17 23:03:31,2,906.82,707.0,199.82
154,156,11,2,0.02,2021-04-18 12:52:24,3,203.74,97.34,106.4
155,32,33,1,0.09,2023-10-23 03:44:27,3,388.96,194.95,194.01
156,7,60,4,0.36,2022-11-12 18:13:45,5,1231.72,1346.12,-114.4
157,120,22,1,0.36,2022-12-14 22:00:17,2,152.44,142.03,10.41
158,300,66,2,0.27,2022-11-12 09:37:25,4,525.4,478.38,47.02
159,276,49,1,0.1,2021-10-16 13:58:21,1,76.35,44.69,31.66
160,189,51,4,0.17,2023-10-19 20:37:01,1,266.89,166.04,100.85
161,190,76,3,0.08,2020-10-30 11:28:16,6,1184.1,607.11,576.99
162,118,35,5,0.05,2022-04-10 05:50:24,6,160.84,75.05,85.79
163,54,28,2,0.15,2020-04-11 08:16:21,6,264.28,189.12,75.16
164,3,80,2,0.23,2021-03-06 03:31:24,2,485.9,330.74,155.16
165,102,45,1,0.14,2022-04-18 20:08:56,4,13.97,10.1,3.87
166,95,50,2,0.24,2021-12-15 17:05:20,5,384.59,395.3,-10.71
167,58,24,3,0.12,2023-10-06 02:17:00,2,1012.89,723.63,289.26
168,78,18,1,0.14,2022-06-15 00:31:55,5,246.42,169.89,76.53
169,8,14,3,0.32,2021-08-23 18:02:43,5,681.56,540.0,141.56
170,183,18,5,0.35,2021-09-15 00:36:43,3,931.22,849.45,81.77
171,279,16,4,0.13,2022-06-11 22:14:00,3,1362.28,640.6,721.68
172,208,60,4,0.23,2023-03-01 01:18:16,2,1481.91,1346.12,135.79
173,135,5,5,0.11,2021-02-07 17:38:29,5,1855.52,868.65,986.87
174,127,51,4,0.02,2022-05-03 12:50:49,6,315.13,166.04,149.09
175,93,76,4,0.3,2022-04-19 02:17:52,6,1201.26,809.48,391.78
176,43,62,5,0.07,2020-01-14 18:37:40,5,1633.82,1330.55,303.27
177,180,33,1,0.17,2023-08-25 15:31:26,3,354.77,194.95,159.82
178,170,5,5,0.19,2022-04-11 23:11:22,5,1688.73,868.65,820.08
179,3,67,2,0.07,2020-12-19 10:23:38,2,423.02,249.92,173.1
180,125,1,4,0.04,2022-07-14 01:28:35,6,850.14,561.12,289.02
181,84,55,5,0.14,2022-09-16 14:35:09,2,663.28,359.3,303.98
182,52,54,3,0.38,2023-08-29 06:45:15,3,360.11,449.79,-89.68
183,211,16,1,0.25,2020-02-19 17:57:53,1,293.59,160.15,133.44
184,158,60,2,0.15,2021-08-27 00:48:26,1,817.94,673.06,144.88
185,191,15,3,0.02,2020-09-20 00:39:00,3,1040.94,675.93,365.01
186,215,19,5,0.24,2022-04-18 17:20:48,4,281.96,264.55,17.41
187,295,65,5,0.04,2022-01-02 08:20:31,1,1874.3,1383.85,490.45
188,241,79,3,0.22,2021-11-24 11:54:38,6,512.2,314.28,197.92
189,187,22,5,0.3,2023-12-04 18:11:58,1,833.66,710.15,123.51
190,264,74,3,0.17,2022-02-15 05:14:28,6,726.36,640.98,85.38
191,144,74,3,0.12,2021-08-23 01:53:34,2,770.11,640.98,129.13
192,296,62,5,0.02,2020-04-08 06:20:04,3,1721.66,1330.55,391.11
193,229,12,4,0.01,2021-02-26 19:52:33,1,34.21,26.6,7.61
194,196,24,3,0.17,2023-08-03 00:49:10,5,955.34,723.63,231.71
195,271,55,3,0.35,2021-10-21 10:32:03,5,300.79,215.58,85.21
196,155,80,4,0.1,2023-08-22 04:50:54,1,1135.87,661.48,474.39
197,217,66,4,0.23,2022-02-16 15:16:01,1,1108.37,956.76,151.61
198,86,34,3,0.27,2022-03-11 04:00:31,4,264.55,225.27,39.28
199,289,19,1,0.02,2021-09-19 14:49:07,6,72.72,52.91,19.81
200,188,77,1,0.06,2022-03-23 13:42:18,1,357.64,243.41,114.23
201,235,23,1,0.13,2020-04-07 08:39:13,2,247.77,220.75,27.02
202,139,28,3,0.27,2020-03-25 00:45:48,4,340.46,283.68,56.78
203,261,78,4,0.18,2021-11-25 15:08:02,1,1184.51,1083.12,101.39
204,23,45,5,0.29,2022-05-23 00:11:09,2,57.65,50.5,7.15
205,35,22,2,0.35,2022-03-15 06:22:55,1,309.65,284.06,25.59
206,153,1,4,0.3,2021-09-18 13:28:43,3,619.89,561.12,58.77
207,220,35,4,0.4,2021-03-05 06:38:49,5,81.26,60.04,21.22
208,243,79,1,0.3,2022-11-01 04:53:19,3,153.22,104.76,48.46
209,133,35,2,0.34,2022-06-01 21:05:23,2,44.7,30.02,14.68
210,195,56,2,0.33,2020-03-09 19:15:25,3,424.77,264.98,159.79
211,166,21,5,0.29,2021-10-22 11:29:32,4,1192.3,998.6,193.7
212,289,63,5,0.32,2022-11-03 21:30:15,1,464.47,415.0,49.47
213,197,63,5,0.37,2023-02-18 21:26:56,1,430.32,415.0,15.32
214,126,49,3,0.19,2021-02-22 20:45:34,2,206.14,134.07,72.07
215,291,62,3,0.26,2023-09-12 11:00:44,6,780.02,798.33,-18.31
216,33,47,2,0.21,2022-08-09 11:45:17,5,572.86,530.74,42.12
217,296,31,4,0.34,2021-10-01 00:01:25,1,293.62,325.0,-31.38
218,47,60,1,0.17,2022-07-04 14:29:39,2,399.35,336.53,62.82
219,87,67,2,0.33,2023-06-26 10:14:50,3,304.76,249.92,54.84
220,247,68,1,0.32,2020-11-27 04:31:32,2,95.04,61.19,33.85
221,221,18,3,0.38,2020-08-07 12:53:26,6,532.95,509.67,23.28
222,292,55,2,0.1,2021-10-05 01:27:00,6,277.65,143.72,133.93
223,225,1,1,0.28,2020-05-02 12:43:28,2,159.4,140.28,19.12
224,192,46,2,0.3,2023-05-05 00:35:21,1,69.4,54.36,15.04
225,104,46,5,0.37,2023-11-17 20:17:14,2,156.15,135.9,20.25
226,2,30,3,0.36,2022-06-03 03:55:52,4,424.67,271.14,153.53
227,38,80,5,0.23,2023-12-01 13:55:55,5,1214.75,826.85,387.9
228,90,71,5,0.23,2020-04-10 08:35:24,3,887.85,893.3,-5.45
229,13,4,5,0.07,2022-07-12 12:20:47,2,742.23,452.0,290.23
230,153,17,2,0.39,2021-10-08 15:31:31,2,283.24,363.76,-80.52
231,234,17,5,0.1,2021-02-08 22:54:02,1,1044.72,909.4,135.32
232,289,72,5,0.29,2021-03-31 04:28:18,1,373.35,261.05,112.3
233,147,42,5,0.32,2022-03-06 23:05:18,3,700.94,790.0,-89.06
234,263,59,2,0.18,2022-07-25 19:15:52,4,103.99,95.96,8.03
235,296,65,2,0.08,2020-08-27 10:53:27,1,718.48,553.54,164.94
236,258,62,3,0.08,2022-06-16 06:19:13,2,969.75,798.33,171.42
237,140,8,5,0.34,2023-09-14 18:01:43,6,487.48,338.15,149.33
238,98,12,5,0.2,2020-01-16 04:20:58,6,34.56,33.25,1.31
239,294,32,3,0.04,2023-07-06 09:41:30,4,596.79,471.51,125.28
240,73,28,1,0.29,2022-06-06 05:39:02,4,110.38,94.56,15.82
241,124,60,3,0.1,2021-05-14 15:22:14,4,1299.08,1009.59,289.49
242,23,13,4,0.35,2022-12-08 21:07:54,3,1025.78,998.04,27.74
243,239,30,3,0.12,2022-06-20 23:15:30,2,583.92,271.14,312.78
244,195,19,2,0.08,2023-01-27 08:18:01,3,136.53,105.82,30.71
245,26,16,2,0.03,2020-04-28 16:21:16,5,759.43,320.3,439.13
246,67,14,1,0.2,2020-03-27 02:30:39,4,267.28,180.0,87.28
247,167,16,2,0.18,2022-07-26 08:11:05,5,641.99,320.3,321.69
248,163,46,4,0.3,2021-03-19 08:11:27,4,138.8,108.72,30.08
249,241,33,2,0.19,2020-12-13 21:00:47,1,692.44,389.9,302.54
250,80,35,5,0.14,2021-09-07 01:25:32,4,145.6,75.05,70.55
251,278,39,1,0.1,2022-11-24 19:31:07,6,252.66,193.93,58.73
252,134,60,3,0.11,2020-09-19 11:12:02,4,1284.64,1009.59,275.05
253,247,69,3,0.37,2023-11-21 20:45:00,4,99.62,110.49,-10.87
254,72,43,5,0.07,2021-09-06 06:30:53,2,1896.92,1003.7,893.22
255,12,52,5,0.4,2020-08-07 20:18:52,5,1049.04,1059.55,-10.51
256,17,60,3,0.13,2020-04-13 20:22:44,3,1255.78,1009.59,246.19
257,112,56,4,0.04,2023-06-05 14:30:19,2,1217.24,529.96,687.28
258,286,11,4,0.1,2020-06-14 07:08:00,3,374.22,194.68,179.54
259,15,79,3,0.02,2021-09-03 16:27:41,1,643.54,314.28,329.26
260,111,14,1,0.32,2022-09-03 07:03:52,6,227.19,180.0,47.19
261,33,33,3,0.21,2022-01-19 02:53:29,5,1013.01,584.85,428.16
262,280,53,2,0.13,2021-01-18 08:32:20,2,392.98,226.92,166.06
263,203,33,3,0.26,2020-06-06 13:48:04,5,948.89,584.85,364.04
264,229,20,4,0.25,2022-11-04 15:39:39,1,185.07,106.88,78.19
265,214,74,2,0.38,2021-12-16 19:43:27,3,361.72,427.32,-65.6
266,198,6,2,0.38,2020-03-11 05:43:22,4,500.17,482.1,18.07
267,233,20,5,0.27,2020-09-21 13:11:09,1,225.17,133.6,91.57
268,3,80,2,0.33,2022-04-01 13:06:53,5,422.8,330.74,92.06
269,260,59,1,0.32,2020-09-02 20:12:43,5,43.12,47.98,-4.86
270,222,7,4,0.2,2021-07-25 12:21:40,4,629.76,418.76,211.0
271,222,61,4,0.28,2020-06-30 19:15:31,2,1309.68,1375.76,-66.08
272,119,78,5,0.03,2023-03-09 13:52:39,5,1751.48,1353.9,397.58
273,241,8,4,0.3,2022-07-09 09:32:56,3,413.62,270.52,143.1
274,115,34,5,0.38,2023-02-18 13:39:48,5,374.48,375.45,-0.97
275,15,38,3,0.03,2020-03-17 13:52:37,4,968.01,662.4,305.61
276,273,11,2,0.33,2021-07-02 07:36:35,1,139.29,97.34,41.95
277,71,17,5,0.37,2021-01-25 17:16:27,1,731.3,909.4,-178.1
278,31,14,2,0.09,2022-06-28 03:53:56,1,608.06,360.0,248.06
279,187,15,2,0.21,2023-04-14 09:12:16,1,559.41,450.62,108.79
280,71,33,5,0.37,2020-11-28 05:18:44,2,1346.4,974.75,371.65
281,258,38,5,0.38,2023-01-28 19:29:48,1,1031.21,1104.0,-72.79
282,134,20,2,0.05,2022-04-27 09:27:19,6,117.21,53.44,63.77
283,2,24,4,0.14,2023-04-18 03:00:33,6,1319.82,964.84,354.98
284,286,16,5,0.28,2020-04-28 15:30:53,2,1409.26,800.75,608.51
285,155,64,4,0.09,2023-12-17 17:55:30,2,1764.45,1020.6,743.85
286,79,17,1,0.13,2021-09-26 12:32:02,5,201.98,181.88,20.1
287,204,73,4,0.01,2021-02-12 22:04:15,4,619.54,281.04,338.5
288,160,44,1,0.06,2020-09-23 18:46:40,4,82.39,36.37,46.02
289,9,65,5,0.22,2023-12-08 23:17:05,6,1522.87,1383.85,139.02
290,228,51,1,0.26,2023-07-13 17:40:35,4,59.49,41.51,17.98
291,121,22,5,0.26,2020-07-10 12:57:36,5,881.3,710.15,171.15
292,210,49,1,0.31,2021-10-11 13:19:28,4,58.53,44.69,13.84
293,269,22,3,0.17,2022-12-06 23:08:08,4,593.09,426.09,167.0
294,184,10,2,0.11,2022-05-12 12:42:43,2,132.04,94.22,37.82
295,202,21,5,0.01,2020-10-02 23:46:27,4,1662.51,998.6,663.91
296,77,23,2,0.08,2021-06-10 03:46:49,6,524.01,441.5,82.51
297,72,11,4,0.12,2021-06-21 11:31:50,3,365.9,194.68,171.22
298,125,2,1,0.07,2021-02-25 13:29:09,1,387.98,275.31,112.67
299,256,76,3,0.01,2023-11-03 14:59:02,4,1274.19,607.11,667.08
300,158,42,5,0.06,2020-10-23 06:18:33,5,968.95,790.0,178.95
301,105,33,5,0.27,2022-10-28 15:37:01,6,1560.12,974.75,585.37
302,234,75,2,0.25,2023-08-24 07:58:48,4,138.75,85.34,53.41
303,257,18,2,0.37,2023-03-06 10:15:46,5,361.03,339.78,21.25
304,271,33,3,0.32,2023-03-13 05:16:51,2,871.96,584.85,287.11
305,90,68,3,0.23,2020-08-19 20:43:25,3,322.85,183.57,139.28
306,213,51,3,0.06,2020-07-13 13:28:13,3,226.7,124.53,102.17
307,178,32,1,0.23,2023-02-17 01:30:26,2,159.56,157.17,2.39
308,135,21,4,0.02,2022-12-26 05:14:22,5,1316.57,798.88,517.69
309,120,3,2,0.17,2022-12-19 03:57:00,6,583.71,305.06,278.65
310,35,7,2,0.16,2021-09-03 01:19:06,2,330.62,209.38,121.24
311,83,13,5,0.17,2022-02-03 05:28:06,1,1637.3,1247.55,389.75
312,165,63,4,0.11,2020-01-23 11:29:55,5,486.33,332.0,154.33
313,266,52,2,0.27,2021-02-28 21:37:42,6,510.53,423.82,86.71
314,260,35,5,0.34,2022-02-10 09:59:27,6,111.74,75.05,36.69
315,57,63,2,0.31,2020-07-02 13:21:41,2,188.52,166.0,22.52
316,204,13,3,0.25,2020-07-08 20:49:38,5,887.69,748.53,139.16
317,26,17,2,0.22,2020-03-07 00:17:56,5,362.17,363.76,-1.59
318,203,32,1,0.01,2020-11-02 12:05:53,5,205.15,157.17,47.98
319,103,74,3,0.29,2023-12-20 14:25:08,5,621.34,640.98,-19.64
320,135,50,3,0.22,2022-10-13 05:16:31,6,592.07,592.95,-0.88
321,216,69,5,0.11,2023-10-16 10:50:34,3,234.56,184.15,50.41
322,128,20,2,0.13,2021-01-10 10:15:25,1,107.34,53.44,53.9
323,243,68,5,0.37,2022-05-24 07:41:33,2,440.24,305.95,134.29
324,161,6,4,0.25,2023-07-26 03:45:45,6,1210.08,964.2,245.88
325,300,19,1,0.19,2021-05-28 23:09:00,6,60.1,52.91,7.19
326,192,42,4,0.25,2022-08-17 11:13:41,1,618.48,632.0,-13.52
327,89,5,3,0.17,2022-10-08 12:55:11,3,1038.26,521.19,517.07
328,233,69,2,0.19,2023-04-30 03:12:47,2,85.39,73.66,11.73
329,123,70,3,0.12,2023-11-16 10:32:58,2,1192.73,684.45,508.28
330,161,44,2,0.18,2022-06-17 04:14:29,4,143.75,72.74,71.01
331,42,25,4,0.27,2022-04-30 11:58:52,4,932.03,752.52,179.51
332,36,8,3,0.02,2023-06-22 12:29:22,3,434.3,202.89,231.41
333,173,50,3,0.32,2022-09-26 09:41:38,3,516.16,592.95,-76.79
334,57,44,2,0.11,2021-06-12 01:25:51,4,156.02,72.74,83.28
335,300,61,2,0.27,2022-07-09 00:03:57,5,663.94,687.88,-23.94
336,257,49,3,0.26,2022-03-12 17:53:08,1,188.32,134.07,54.25
337,211,11,3,0.26,2020-11-29 23:38:02,1,230.77,146.01,84.76
338,221,10,2,0.24,2022-01-23 04:47:58,3,112.75,94.22,18.53
339,179,63,3,0.38,2022-06-29 09:46:17,3,254.09,249.0,5.09
340,19,13,2,0.2,2023-08-12 12:49:35,6,631.25,499.02,132.23
341,118,76,3,0.29,2022-04-27 11:44:54,6,913.81,607.11,306.7
342,149,9,1,0.28,2020-08-28 18:38:09,4,246.84,151.32,95.52
343,275,59,3,0.09,2023-12-12 23:05:07,1,173.11,143.94,29.17
344,66,79,4,0.11,2022-04-23 23:14:56,1,779.25,419.04,360.21
345,150,36,5,0.17,2021-02-23 04:09:26,3,598.8,482.6,116.2
346,104,5,4,0.11,2023-01-06 11:16:08,4,1484.41,694.92,789.49
347,41,71,4,0.15,2021-07-15 15:58:59,4,784.07,714.64,69.43
348,31,15,1,0.16,2021-06-24 06:32:36,1,297.41,225.31,72.1
349,110,43,2,0.24,2023-05-10 13:53:57,6,620.07,401.48,218.59
350,25,79,4,0.09,2023-06-20 16:03:23,3,796.76,419.04,377.72
351,21,60,5,0.32,2022-02-03 22:21:20,4,1635.88,1682.65,-46.77
352,106,4,3,0.18,2021-06-28 14:26:14,1,392.67,271.2,121.47
353,61,66,5,0.28,2023-06-14 09:11:29,5,1295.5,1195.95,99.55
354,167,13,2,0.03,2020-09-10 00:44:20,4,765.39,499.02,266.37
355,6,60,1,0.19,2022-12-26 21:46:13,2,389.72,336.53,53.19
356,91,50,1,0.01,2022-05-02 17:03:15,2,250.49,197.65,52.84
357,136,24,3,0.27,2023-05-31 22:09:10,3,840.24,723.63,116.61
358,289,34,4,0.14,2021-09-06 00:42:11,1,415.55,300.36,115.19
359,191,10,2,0.38,2023-04-29 18:12:23,6,91.98,94.22,-2.24
360,265,79,4,0.13,2020-01-23 04:15:40,5,761.74,419.04,342.7
361,103,20,4,0.23,2023-01-12 01:41:39,6,190.01,106.88,83.13
362,135,25,2,0.1,2020-04-11 23:08:39,3,574.54,376.26,198.28
363,127,41,2,0.25,2022-07-26 21:47:29,4,500.76,295.84,204.92
364,267,54,4,0.19,2020-10-12 02:30:44,3,627.3,599.72,27.58
365,288,41,4,0.15,2023-11-07 15:55:56,3,1135.06,591.68,543.38
366,289,41,1,0.08,2023-01-28 05:19:18,4,307.13,147.92,159.21
367,226,47,2,0.04,2020-06-01 17:46:19,3,696.13,530.74,165.39
368,151,69,3,0.05,2023-07-26 09:03:52,5,150.22,110.49,39.73
369,163,32,3,0.4,2021-01-02 20:02:42,1,373.0,471.51,-98.51
370,295,67,1,0.16,2022-03-07 15:15:22,2,191.04,124.96,66.08
371,86,63,5,0.0,2020-05-04 12:00:31,6,683.05,415.0,268.05
372,105,77,2,0.38,2020-06-03 03:00:49,6,471.78,486.82,-15.04
373,270,74,2,0.01,2020-12-18 07:39:38,5,577.59,427.32,150.27
374,116,64,1,0.17,2022-02-19 06:02:24,3,402.33,255.15,147.18
375,71,20,5,0.29,2022-03-03 15:03:18,3,219.0,133.6,85.4
376,169,62,2,0.37,2023-06-03 04:24:55,1,442.71,532.22,-89.51
377,98,59,5,0.29,2020-08-29 02:30:13,2,225.11,239.9,-14.79
378,268,24,3,0.19,2022-12-30 05:41:46,5,932.32,723.63,208.69
379,273,55,5,0.39,2020-01-09 14:02:24,3,470.46,359.3,111.16
380,92,21,1,0.02,2021-03-01 00:04:46,3,329.14,199.72,129.42
381,159,42,1,0.39,2020-09-12 12:23:04,1,125.76,158.0,-32.24
382,296,64,5,0.34,2020-06-29 21:07:37,3,1599.64,1275.75,323.89
383,223,16,5,0.37,2022-05-03 09:44:41,5,1233.1,800.75,432.35
384,65,27,3,0.1,2023-08-07 23:53:12,4,760.89,450.3,310.59
385,178,64,1,0.06,2022-08-31 18:51:44,4,455.66,255.15,200.51
386,186,37,5,0.27,2023-05-31 23:16:10,6,548.7,385.2,163.5
387,197,77,2,0.21,2022-05-13 12:10:20,2,601.14,486.82,114.32
388,8,1,5,0.21,2020-03-19 10:11:11,2,874.49,701.4,173.09
389,90,58,5,0.37,2021-05-20 03:25:45,4,152.43,192.8,-40.37
390,257,66,5,0.25,2023-04-17 13:33:14,3,1349.48,1195.95,153.53
391,73,74,4,0.12,2020-03-05 13:05:35,6,1026.82,854.64,172.18
392,90,13,4,0.16,2020-05-21 22:19:50,1,1325.62,998.04,327.58
393,97,79,3,0.05,2023-05-02 08:26:16,1,623.84,314.28,309.56
394,54,32,1,0.08,2020-04-02 09:27:30,3,190.64,157.17,33.47
395,47,29,2,0.06,2023-11-01 18:55:37,3,38.07,23.32,14.75
396,105,29,4,0.32,2023-01-12 13:22:31,6,55.08,46.64,8.44
397,263,52,5,0.28,2022-08-29 01:38:32,3,1258.85,1059.55,199.3
398,1,53,3,0.21,2022-02-22 00:19:27,3,535.26,340.38,194.88
399,85,38,4,0.15,2020-05-10 10:28:13,2,1131.01,883.2,247.81
400,19,6,1,0.27,2021-08-28 05:45:45,3,294.45,241.05,53.4
401,169,79,3,0.33,2023-03-25 07:48:17,4,439.97,314.28,125.69
402,76,18,3,0.35,2023-08-12 15:19:52,4,558.73,509.67,49.06
403,238,8,5,0.22,2021-10-14 14:13:59,4,576.11,338.15,237.96
404,176,48,2,0.33,2023-05-10 09:11:49,3,313.06,337.96,-24.9
405,236,33,2,0.2,2023-02-07 19:53:22,1,683.89,389.9,293.99
406,191,50,2,0.19,2020-03-25 03:07:35,1,409.89,395.3,14.59
407,132,71,1,0.35,2022-06-24 10:56:13,1,149.9,178.66,-28.76
408,259,8,3,0.15,2022-06-18 11:41:49,4,376.69,202.89,173.8
409,143,23,4,0.16,2022-03-03 14:28:54,6,956.89,883.0,73.89
410,285,42,5,0.12,2023-02-01 12:14:59,6,907.1,790.0,117.1
411,299,64,5,0.21,2023-07-22 16:01:51,2,1914.72,1275.75,638.97
412,177,49,1,0.22,2022-03-14 17:11:23,1,66.17,44.69,21.48
413,203,31,2,0.26,2021-04-12 18:22:16,4,164.61,162.5,2.11
414,77,49,2,0.17,2023-12-06 04:30:45,1,140.82,89.38,51.44
415,245,79,2,0.09,2023-11-07 21:32:04,4,398.38,209.52,188.86
416,202,39,5,0.35,2022-09-28 15:06:16,3,912.37,969.65,-57.28
417,271,71,1,0.14,2022-07-24 07:54:21,6,198.32,178.66,19.66
418,81,63,1,0.37,2020-06-01 01:10:16,4,86.06,83.0,3.06
419,237,25,5,0.08,2021-08-09 08:37:26,5,1468.27,940.65,527.62
420,142,20,5,0.22,2020-10-16 12:21:44,3,240.59,133.6,106.99
421,56,62,2,0.21,2022-01-21 17:52:55,6,555.15,532.22,22.93
422,52,17,2,0.33,2023-04-21 07:38:47,4,311.09,363.76,-52.67
423,169,27,3,0.06,2020-11-23 19:32:23,4,794.7,450.3,344.4
424,96,19,3,0.36,2023-12-26 06:21:13,3,142.46,158.73,-16.27
425,31,49,5,0.21,2020-07-08 02:43:56,3,335.08,223.45,111.63
426,129,24,3,0.23,2020-05-23 13:48:28,6,886.28,723.63,162.65
427,196,53,1,0.2,2023-11-23 17:30:09,3,180.68,113.46,67.22
428,96,75,3,0.01,2020-05-26 11:32:21,1,274.73,128.01,146.72
429,287,67,3,0.2,2022-12-09 08:50:18,3,545.83,374.88,170.95
430,234,76,3,0.11,2023-01-19 13:04:56,3,1145.48,607.11,538.37
431,154,2,3,0.14,2021-04-26 23:00:18,3,1076.32,825.93,250.39
432,281,37,5,0.26,2020-04-03 22:58:26,1,556.22,385.2,171.02
433,130,18,5,0.2,2021-03-26 09:17:13,1,1146.12,849.45,296.67
434,42,74,2,0.04,2020-04-10 02:20:47,2,560.08,427.32,132.76
435,11,57,2,0.03,2022-09-08 11:18:22,3,357.15,211.36,145.79
436,282,26,4,0.07,2023-07-21 16:07:46,1,1037.95,565.6,472.35
437,288,46,3,0.08,2023-12-26 17:51:11,3,136.81,81.54,55.27
438,222,49,3,0.24,2023-03-14 15:45:41,2,193.41,134.07,59.34
439,31,40,1,0.07,2023-02-04 23:09:49,1,365.52,278.05,87.47
440,89,38,2,0.35,2023-07-11 01:58:28,2,432.44,441.6,-9.16
441,13,5,4,0.08,2023-01-29 00:22:33,2,1534.45,694.92,839.53
442,16,37,5,0.04,2022-08-07 17:59:22,1,721.58,385.2,336.38
443,74,28,4,0.35,2023-12-25 12:44:54,5,404.2,378.24,25.96
444,172,66,2,0.12,2021-04-15 21:40:34,1,633.35,478.38,154.97
445,20,70,1,0.17,2021-08-25 15:09:59,4,374.99,228.15,146.84
446,296,61,1,0.38,2023-08-16 05:12:51,4,281.94,343.94,-62.0
447,137,3,2,0.38,2021-03-30 02:16:17,5,436.02,305.06,130.96
448,80,68,3,0.29,2021-03-12 03:16:20,4,297.69,183.57,114.12
449,155,32,5,0.03,2020-08-10 01:02:57,4,1005.02,785.85,219.17
450,238,34,5,0.24,2021-02-06 05:53:59,5,459.04,375.45,83.59
451,94,76,1,0.4,2022-05-16 17:15:39,6,257.41,202.37,55.04
452,15,70,4,0.38,2023-07-18 03:28:14,2,1120.44,912.6,207.84
453,16,5,2,0.04,2020-07-17 22:40:03,5,800.58,347.46,453.12
454,256,29,1,0.16,2022-09-21 00:01:25,3,17.01,11.66,5.35
455,34,60,3,0.13,2023-01-23 20:32:34,1,1255.78,1009.59,246.19
456,191,44,1,0.05,2023-07-31 16:20:59,4,83.27,36.37,46.9
457,116,21,2,0.28,2022-12-31 01:40:55,6,483.64,399.44,84.2
458,234,42,3,0.11,2020-08-15 14:46:52,1,550.45,474.0,76.45
459,19,70,2,0.14,2021-12-14 19:30:40,1,777.08,456.3,320.78
460,270,18,3,0.04,2023-10-22 08:28:47,6,825.21,509.67,315.54
461,210,60,3,0.2,2023-08-19 06:45:39,4,1154.74,1009.59,145.15
462,135,59,4,0.06,2022-06-13 14:29:06,2,238.42,191.92,46.5
463,63,71,1,0.17,2023-11-07 06:10:24,5,191.41,178.66,12.75
464,294,24,1,0.06,2022-09-02 07:56:52,3,360.65,241.21,119.44
465,91,18,3,0.38,2020-04-04 17:46:20,2,532.95,509.67,23.28
466,148,44,2,0.06,2023-08-27 12:40:57,2,164.78,72.74,92.04
467,119,43,4,0.21,2020-09-02 11:50:08,4,1289.09,802.96,486.13
468,70,33,1,0.08,2021-07-09 21:35:03,1,393.24,194.95,198.29
469,125,63,3,0.03,2020-12-13 15:05:00,3,397.54,249.0,148.54
470,46,64,5,0.08,2022-11-16 13:54:28,2,2229.8,1275.75,954.05
471,1,20,1,0.02,2020-02-13 18:42:19,1,60.46,26.72,33.74
472,87,64,2,0.06,2022-07-23 21:32:07,5,911.31,510.3,401.01
473,34,19,5,0.2,2023-06-15 23:55:31,1,296.8,264.55,32.25
474,125,33,3,0.26,2023-02-24 02:51:18,6,948.89,584.85,364.04
475,259,3,1,0.03,2021-03-24 04:57:38,1,341.08,152.53,188.55
476,49,28,2,0.18,2023-08-02 12:52:31,3,254.95,189.12,65.83
477,1,77,4,0.23,2021-06-12 13:54:46,1,1171.85,973.64,198.21
478,34,36,5,0.09,2022-09-19 21:19:56,3,656.52,482.6,173.92
479,153,57,2,0.15,2022-01-09 17:45:50,4,312.97,211.36,101.61
480,83,9,3,0.03,2020-04-08 18:05:23,1,997.66,453.96,543.7
481,147,51,4,0.09,2020-01-05 06:51:50,4,292.62,166.04,126.58
482,9,30,1,0.19,2020-09-24 09:14:15,5,179.16,90.38,88.78
483,100,60,2,0.4,2023-09-26 14:15:12,3,577.37,673.06,-95.69
484,124,75,4,0.4,2023-10-24 19:23:43,1,222.0,170.68,51.32
485,130,43,1,0.39,2021-08-21 18:05:34,5,248.84,200.74,48.1
486,166,9,4,0.17,2023-11-15 05:30:45,2,1138.23,605.28,532.95
487,235,39,3,0.03,2020-03-13 04:56:04,1,816.92,581.79,235.13
488,141,10,5,0.13,2023-11-13 10:09:45,3,322.68,235.55,87.13
489,253,36,1,0.1,2020-12-03 03:18:16,2,129.86,96.52,33.34
490,159,5,5,0.01,2020-02-23 17:27:03,1,2064.0,868.65,1195.35
491,79,52,2,0.04,2023-01-11 11:40:14,5,671.39,423.82,247.57
492,69,25,1,0.18,2021-07-12 08:59:01,4,261.74,188.13,73.61
493,97,17,4,0.14,2021-03-02 19:18:49,6,798.63,727.52,71.11
494,180,2,3,0.07,2023-01-14 02:55:53,3,1163.93,825.93,338.0
495,73,72,5,0.29,2021-05-01 06:27:27,3,373.35,261.05,112.3
496,275,67,1,0.14,2023-01-04 05:07:06,6,195.59,124.96,70.63
497,144,65,1,0.34,2020-10-12 01:22:24,1,257.72,276.77,-19.05
498,259,5,3,0.1,2020-05-05 10:14:52,3,1125.82,521.19,604.63
499,205,28,5,0.22,2021-04-19 09:14:03,5,606.29,472.8,133.49
500,101,78,3,0.07,2022-06-08 20:29:26,2,1007.55,812.34,195.21
501,69,47,4,0.2,2020-11-24 11:13:43,6,1160.22,1061.48,98.74
502,224,11,5,0.06,2020-07-27 14:09:05,2,488.56,243.35,245.21
503,100,12,5,0.06,2022-12-29 18:13:33,3,40.61,33.25,7.36
504,75,22,3,0.24,2021-12-21 02:03:18,6,543.07,426.09,116.98
505,280,78,4,0.11,2021-09-21 22:14:44,2,1285.62,1083.12,202.5
506,145,14,3,0.07,2020-12-15 22:35:13,6,932.14,540.0,392.14
507,15,73,4,0.37,2020-01-26 20:02:31,1,394.25,281.04,113.21
508,149,55,3,0.02,2020-03-18 14:46:02,2,453.5,215.58,237.92
509,139,74,3,0.23,2022-09-21 23:36:34,4,673.85,640.98,32.87
510,260,67,3,0.22,2020-04-26 19:52:50,4,532.19,374.88,157.31
511,214,27,4,0.1,2020-12-26 12:21:10,6,1014.52,600.4,414.12
512,58,67,4,0.18,2023-08-22 21:41:20,6,745.97,499.84,246.13
513,46,14,5,0.04,2021-05-17 04:54:56,5,1603.68,900.0,703.68
514,182,24,4,0.29,2022-12-23 04:23:40,4,1089.62,964.84,124.78
515,15,17,1,0.09,2021-05-16 06:01:21,2,211.27,181.88,29.39
516,96,11,3,0.08,2023-09-22 11:06:44,5,286.9,146.01,140.89
517,42,8,2,0.13,2023-04-14 22:02:51,4,257.03,135.26,121.77
518,7,15,1,0.36,2022-09-26 05:40:52,1,226.6,225.31,1.29
519,276,10,1,0.32,2021-08-26 09:46:08,5,50.44,47.11,3.33
520,27,31,3,0.38,2023-10-10 20:00:20,3,206.87,243.75,-36.88
521,3,6,5,0.26,2021-06-07 06:35:29,3,1492.43,1205.25,287.18
522,280,5,3,0.27,2023-05-06 05:28:42,3,913.16,521.19,391.97
523,57,80,3,0.19,2022-06-18 19:24:02,5,766.71,496.11,270.6
524,245,8,1,0.36,2022-07-28 18:46:09,2,94.54,67.63,26.91
525,10,6,4,0.2,2021-05-28 06:38:27,3,1290.75,964.2,326.55
526,47,3,1,0.14,2023-04-30 23:51:54,1,302.4,152.53,149.87
527,34,11,5,0.26,2022-12-25 13:24:50,3,384.62,243.35,141.27
528,212,43,5,0.22,2023-04-05 07:49:30,1,1590.97,1003.7,587.27
529,187,67,5,0.05,2023-03-15 22:09:32,4,1080.29,624.8,455.49
530,143,59,2,0.16,2020-08-18 02:35:17,6,106.53,95.96,10.57
531,73,47,1,0.13,2023-07-02 17:35:40,3,315.44,265.37,50.07
532,27,7,2,0.34,2023-05-14 02:11:43,6,259.78,209.38,50.4
533,171,62,4,0.15,2020-12-20 11:44:40,6,1194.62,1064.44,130.18
534,70,3,2,0.33,2023-12-04 05:05:48,1,471.18,305.06,166.12
535,178,51,5,0.18,2022-02-08 10:51:09,4,329.6,207.55,122.05
536,207,33,1,0.3,2021-04-14 23:49:12,4,299.2,194.95,104.25
537,255,71,1,0.05,2020-11-22 05:29:57,3,219.08,178.66,40.42
538,149,25,2,0.37,2021-06-16 11:39:49,5,402.18,376.26,25.92
539,2,52,4,0.19,2020-02-24 19:57:21,3,1132.96,847.64,285.32
540,85,36,4,0.1,2022-10-05 10:19:05,1,519.44,386.08,133.36
541,257,42,2,0.1,2022-10-30 10:11:55,4,371.09,316.0,55.09
542,160,76,4,0.11,2022-09-01 22:56:24,2,1527.31,809.48,717.83
543,186,58,4,0.15,2022-03-12 12:18:13,3,164.53,154.24,10.29
544,138,34,3,0.29,2021-06-13 14:32:54,4,257.3,225.27,32.03
545,49,36,3,0.38,2022-11-22 22:24:42,5,268.38,289.56,-21.18
546,270,57,1,0.27,2023-06-26 05:14:32,2,134.39,105.68,28.71
547,232,28,2,0.22,2020-05-07 22:18:24,3,242.52,189.12,53.4
548,299,14,3,0.18,2021-07-13 00:08:26,1,821.89,540.0,281.89
549,257,38,1,0.33,2023-12-24 11:14:14,3,222.88,220.8,2.08
550,88,6,3,0.34,2023-06-12 11:23:54,4,798.65,723.15,75.5
551,77,14,1,0.12,2023-12-22 17:58:25,4,294.01,180.0,114.01
552,75,34,4,0.38,2020-09-24 14:37:10,2,299.58,300.36,-0.78
553,276,64,1,0.16,2021-11-09 21:35:37,1,407.18,255.15,152.03
554,168,63,1,0.32,2020-07-09 07:37:32,4,92.89,83.0,9.89
555,137,21,4,0.39,2023-06-18 10:41:50,4,819.5,798.88,20.62
556,291,34,2,0.28,2022-01-27 11:22:08,1,173.95,150.18,23.77
557,182,13,2,0.06,2020-12-21 14:38:31,4,741.72,499.02,242.7
558,273,61,2,0.23,2020-05-11 20:57:13,1,700.32,687.88,12.44
559,296,20,2,0.05,2022-12-12 20:19:05,3,117.21,53.44,63.77
560,24,64,4,0.32,2023-03-31 07:00:36,4,1318.49,1020.6,297.89
561,109,68,4,0.11,2023-07-07 16:04:26,5,497.55,244.76,252.79
562,221,56,2,0.28,2023-11-19 05:04:48,5,456.47,264.98,191.49
563,244,27,4,0.36,2023-04-04 09:54:21,5,721.43,600.4,121.03
564,45,77,4,0.07,2023-02-22 00:31:50,2,1415.35,973.64,441.71
565,96,55,3,0.16,2023-03-31 04:33:49,6,388.71,215.58,173.13
566,165,52,3,0.26,2023-12-29 02:26:27,3,776.29,635.73,140.56
567,240,69,5,0.17,2021-11-07 00:27:11,3,218.75,184.15,34.6
568,34,71,3,0.07,2023-01-12 12:32:02,5,643.4,535.98,107.42
569,181,7,2,0.01,2023-04-12 04:26:51,2,389.66,209.38,180.28
570,89,71,3,0.16,2020-06-18 18:29:08,1,581.14,535.98,45.16
571,65,62,5,0.26,2022-10-05 10:17:47,5,1300.03,1330.55,-30.52
572,155,17,4,0.23,2021-05-09 16:43:11,4,715.05,727.52,-12.47
573,125,25,1,0.06,2020-07-12 09:05:49,4,300.04,188.13,111.91
574,191,61,3,0.18,2020-09-05 17:33:02,1,1118.69,1031.82,86.87
575,96,18,4,0.15,2020-06-15 17:01:17,4,974.2,679.56,294.64
576,247,37,2,0.11,2023-08-03 16:59:19,2,267.59,154.08,113.51
577,24,56,5,0.29,2023-02-01 00:09:05,4,1125.31,662.45,462.86
578,259,53,5,0.12,2020-05-29 03:17:55,4,993.74,567.3,426.44
579,9,73,5,0.22,2022-07-02 04:15:42,5,610.16,351.3,258.86
580,221,9,1,0.37,2022-08-22 05:26:57,6,215.99,151.32,64.67
581,104,24,3,0.22,2022-01-28 06:56:20,2,897.79,723.63,174.16
582,116,79,3,0.25,2022-06-03 22:04:25,1,492.5,314.28,178.22
583,6,46,4,0.03,2023-08-17 14:27:11,4,192.33,108.72,83.61
584,211,20,5,0.07,2022-01-27 12:36:27,6,286.86,133.6,153.26
585,50,24,2,0.04,2022-08-21 00:02:45,1,736.65,482.42,254.23
586,198,28,3,0.31,2022-04-13 19:17:03,3,321.8,283.68,38.12
587,218,45,4,0.33,2021-08-01 08:58:54,3,43.52,40.4,3.12
588,254,23,4,0.07,2023-07-24 15:33:28,2,1059.42,883.0,176.42
589,213,50,4,0.09,2021-08-27 08:10:13,4,920.99,790.6,130.39
590,91,36,2,0.13,2023-03-13 22:17:25,2,251.06,193.04,58.02
591,222,49,5,0.24,2022-06-02 15:45:44,3,322.35,223.45,98.9
592,248,13,1,0.25,2022-09-27 00:52:18,6,295.9,249.51,46.39
593,96,50,3,0.27,2023-01-15 00:02:45,3,554.11,592.95,-38.84
594,38,74,4,0.36,2022-12-10 11:15:57,1,746.78,854.64,-107.86
595,268,11,1,0.12,2022-04-03 22:56:23,6,91.48,48.67,42.81
596,45,27,3,0.26,2022-06-17 14:35:33,2,625.62,450.3,175.32
597,179,56,3,0.22,2022-01-12 18:58:52,5,741.76,397.47,344.29
598,71,50,4,0.12,2021-05-10 03:10:24,5,890.63,790.6,100.03
599,38,54,1,0.36,2022-11-27 06:36:02,4,123.91,149.93,-26.02
600,233,45,2,0.04,2023-07-07 03:59:22,1,31.18,20.2,10.98
601,44,55,2,0.28,2022-10-26 16:28:11,6,222.12,143.72,78.4
602,202,49,4,0.29,2023-02-01 08:48:44,5,240.92,178.76,62.16
603,208,6,2,0.37,2023-04-27 07:21:11,3,508.23,482.1,26.13
604,19,61,3,0.21,2021-06-20 08:19:55,6,1077.76,1031.82,45.94
605,52,36,4,0.13,2020-04-01 07:48:52,5,502.13,386.08,116.05
606,239,5,4,0.33,2021-05-07 20:30:35,5,1117.48,694.92,422.56
607,153,33,1,0.31,2023-01-07 05:31:21,2,294.93,194.95,99.98
608,37,35,5,0.2,2023-04-05 22:51:38,4,135.44,75.05,60.39
609,298,7,1,0.31,2022-01-20 02:09:58,2,135.79,104.69,31.1
610,80,80,1,0.11,2023-02-10 17:47:10,1,280.81,165.37,115.44
611,2,18,1,0.24,2020-04-19 01:14:48,3,217.76,169.89,47.87
612,278,27,2,0.35,2022-07-29 10:11:17,1,366.35,300.2,66.15
613,5,36,5,0.13,2022-09-18 08:30:40,1,627.66,482.6,145.06
614,167,67,2,0.19,2022-01-11 10:42:52,5,368.44,249.92,118.52
615,298,60,4,0.38,2022-11-12 03:34:06,4,1193.23,1346.12,-152.89
616,174,62,3,0.32,2021-12-18 13:00:48,3,716.77,798.33,-81.56
617,176,19,1,0.35,2022-02-03 11:53:45,2,48.23,52.91,-4.68
618,117,68,3,0.15,2022-05-31 18:58:52,5,356.39,183.57,172.82
619,39,67,1,0.4,2023-03-04 22:42:58,4,136.46,124.96,11.5
620,172,38,3,0.06,2020-12-29 02:38:18,4,938.07,662.4,275.67
621,270,44,3,0.21,2021-03-14 08:41:37,2,207.73,109.11,98.62
622,28,3,3,0.19,2021-09-03 12:16:13,1,854.46,457.59,396.87
623,265,61,2,0.32,2020-10-21 18:49:44,1,618.46,687.88,-69.42
624,125,77,4,0.36,2021-05-02 23:11:51,1,974.0,973.64,0.36
625,161,38,3,0.29,2021-05-27 01:43:03,6,708.54,662.4,46.14
626,50,44,2,0.25,2021-04-03 18:52:02,3,131.48,72.74,58.74
627,187,40,3,0.17,2021-08-21 16:10:11,4,978.64,834.15,144.49
628,55,7,1,0.2,2022-01-06 23:34:47,6,157.44,104.69,52.75
629,82,50,5,0.2,2022-10-13 01:30:48,6,1012.08,988.25,23.83
630,217,58,4,0.01,2021-03-18 07:00:44,2,191.62,154.24,37.38
631,16,75,2,0.2,2023-05-19 11:01:07,3,148.0,85.34,62.66
632,135,75,4,0.34,2021-11-30 23:08:15,3,244.2,170.68,73.52
633,179,40,4,0.28,2022-11-18 12:58:24,1,1131.93,1112.2,19.73
634,40,77,4,0.32,2020-06-16 14:49:45,5,1034.88,973.64,61.24
635,89,43,1,0.16,2020-09-11 00:31:26,4,342.67,200.74,141.93
636,104,52,5,0.21,2021-10-24 04:53:21,3,1381.24,1059.55,321.69
637,200,49,5,0.01,2021-06-18 16:14:47,4,419.91,223.45,196.46
638,294,80,5,0.15,2021-12-25 08:07:00,5,1340.96,826.85,514.11
639,251,60,5,0.19,2020-08-19 06:48:59,1,1948.62,1682.65,265.97
640,57,10,5,0.1,2021-11-22 11:14:27,4,333.81,235.55,98.26
641,6,6,4,0.01,2022-09-29 14:48:57,6,1597.31,964.2,633.11
642,16,33,1,0.28,2022-11-29 13:04:00,5,307.75,194.95,112.8
643,179,42,3,0.17,2020-12-28 07:56:33,4,513.34,474.0,39.34
644,47,54,2,0.17,2021-05-17 20:50:01,1,321.39,299.86,21.53
645,70,39,2,0.1,2022-02-06 01:33:29,5,505.31,387.86,117.45
646,255,42,5,0.22,2022-01-26 05:56:14,5,804.02,790.0,14.02
647,263,74,5,0.18,2023-03-02 01:43:03,3,1196.01,1068.3,127.71
648,252,27,3,0.19,2021-07-23 19:45:29,4,684.8,450.3,234.5
649,77,40,4,0.23,2022-09-06 13:42:43,4,1210.53,1112.2,98.33
650,186,45,1,0.0,2023-07-14 06:45:01,1,16.24,10.1,6.14
651,184,38,2,0.36,2021-03-11 15:01:28,2,425.79,441.6,-15.81
652,56,78,5,0.03,2023-04-16 12:56:49,5,1751.48,1353.9,397.58
653,167,77,3,0.18,2021-04-30 23:39:03,6,935.96,730.23,205.73
654,158,42,3,0.08,2021-05-03 05:06:55,2,569.0,474.0,95.0
655,119,37,3,0.21,2022-08-11 21:53:04,3,356.28,231.12,125.16
656,226,48,2,0.11,2022-06-26 19:23:02,6,415.86,337.96,77.9
657,204,15,5,0.34,2022-03-13 05:20:59,1,1168.4,1126.55,41.85
658,160,35,4,0.16,2020-12-03 14:10:36,2,113.77,60.04,53.73
659,218,18,4,0.26,2020-05-20 17:37:40,1,848.13,679.56,168.57
660,229,12,2,0.1,2023-08-20 01:26:21,2,15.55,13.3,2.25
661,171,8,4,0.01,2023-06-30 00:39:55,4,584.97,270.52,314.45
662,81,47,5,0.16,2023-07-18 12:56:59,3,1522.79,1326.85,195.94
663,228,1,4,0.21,2022-01-18 09:58:05,6,699.59,561.12,138.47
664,216,52,3,0.18,2023-07-15 10:13:06,6,860.21,635.73,224.48
665,296,35,2,0.38,2021-11-22 02:34:11,6,41.99,30.02,11.97
666,45,30,3,0.28,2020-04-20 05:34:15,5,477.75,271.14,206.61
667,126,62,2,0.4,2020-10-16 17:18:51,5,421.63,532.22,-110.59
668,278,44,4,0.12,2021-02-01 23:59:09,4,308.53,145.48,163.05
669,155,59,1,0.32,2021-07-04 09:51:48,6,43.12,47.98,-4.86
670,283,57,1,0.22,2023-10-03 00:26:35,1,143.6,105.68,37.92
671,4,3,4,0.24,2021-04-30 22:10:59,5,1068.96,610.12,458.84
672,11,18,2,0.39,2022-06-13 10:06:18,1,349.57,339.78,9.79
673,239,46,3,0.26,2021-01-30 06:34:41,3,110.05,81.54,28.51
674,108,79,3,0.36,2022-07-28 04:18:29,2,420.27,314.28,105.99
675,157,13,3,0.29,2022-04-08 09:55:34,4,840.35,748.53,91.82
676,129,9,4,0.05,2020-08-07 15:02:12,5,1302.79,605.28,697.51
677,123,76,2,0.28,2021-11-05 22:07:43,1,617.79,404.74,213.05
678,282,78,4,0.19,2020-06-02 21:03:55,4,1170.06,1083.12,86.94
679,29,14,2,0.37,2023-07-22 05:29:12,2,420.97,360.0,60.97
680,232,33,2,0.32,2022-10-25 00:45:12,1,581.3,389.9,191.4
681,267,51,3,0.04,2023-10-06 08:41:34,3,231.52,124.53,106.99
682,198,16,5,0.05,2023-07-02 09:46:02,4,1859.44,800.75,1058.69
683,119,27,2,0.03,2020-11-16 10:20:56,2,546.71,300.2,246.51
684,49,32,3,0.2,2022-10-29 13:13:39,3,497.33,471.51,25.82
685,205,52,1,0.03,2020-05-26 03:41:39,6,339.19,211.91,127.28
686,141,25,1,0.29,2023-11-03 11:25:16,3,226.62,188.13,38.49
687,45,33,4,0.22,2023-02-20 14:13:40,6,1333.58,779.8,553.78
688,108,24,4,0.33,2022-09-20 12:04:01,6,1028.24,964.84,63.4
689,289,61,2,0.11,2023-12-23 11:56:36,3,809.46,687.88,121.58
690,80,13,4,0.21,2023-05-21 11:39:16,4,1246.71,998.04,248.67
691,54,19,2,0.05,2023-06-14 20:32:47,5,140.98,105.82,35.16
692,205,20,2,0.35,2020-05-26 04:26:53,3,80.2,53.44,26.76
693,60,73,3,0.07,2020-02-04 14:21:25,3,436.5,210.78,225.72
694,276,76,2,0.04,2023-11-04 05:16:32,2,823.72,404.74,418.98
695,258,41,5,0.08,2021-01-01 20:16:29,1,1535.66,739.6,796.06
696,296,13,3,0.32,2021-09-14 13:04:25,1,804.84,748.53,56.31
697,274,61,2,0.04,2020-03-04 06:42:48,3,873.12,687.88,185.24
698,74,40,3,0.25,2022-06-28 16:09:40,5,884.32,834.15,50.17
699,64,68,4,0.3,2023-04-13 08:06:33,2,391.33,244.76,146.57
700,103,29,2,0.3,2023-05-13 22:46:29,2,28.35,23.32,5.03
701,141,80,5,0.08,2022-04-28 20:30:01,2,1451.39,826.85,624.54
702,264,65,3,0.02,2022-08-23 12:52:26,4,1148.01,830.31,317.7
703,221,18,4,0.18,2022-01-20 00:41:51,2,939.82,679.56,260.26
704,194,59,5,0.08,2021-10-13 08:55:27,2,291.69,239.9,51.79
705,264,23,3,0.28,2022-03-20 11:55:25,1,615.15,662.25,-47.1
706,194,28,1,0.14,2023-09-28 09:45:05,2,133.7,94.56,39.14
707,114,21,4,0.18,2021-01-03 13:53:31,2,1101.62,798.88,302.74
708,124,55,1,0.05,2021-11-17 11:31:19,5,146.54,71.86,74.68
709,156,22,3,0.23,2022-05-28 09:24:30,6,550.22,426.09,124.13
710,27,52,5,0.07,2022-04-12 09:53:22,3,1626.01,1059.55,566.46
711,223,47,3,0.27,2020-02-14 18:34:15,1,794.03,796.11,-2.08
712,196,61,4,0.03,2021-02-23 12:13:58,1,1764.43,1375.76,388.67
713,220,80,3,0.39,2022-08-01 04:15:02,2,577.4,496.11,81.29
714,161,1,2,0.27,2022-10-10 09:07:49,3,323.23,280.56,42.67
715,235,80,2,0.07,2022-12-08 06:33:41,4,586.87,330.74,256.13
716,285,9,3,0.01,2023-12-18 09:35:08,2,1018.23,453.96,564.27
717,171,43,1,0.13,2022-09-09 14:50:24,3,354.91,200.74,154.17
718,134,28,3,0.06,2022-04-26 07:32:40,2,438.4,283.68,154.72
719,32,52,3,0.09,2021-04-29 21:23:52,4,954.63,635.73,318.9
720,234,58,5,0.35,2021-06-24 19:30:11,5,157.27,192.8,-35.53
721,272,69,1,0.24,2023-04-21 08:15:09,1,40.06,36.83,3.23
722,210,33,5,0.07,2021-11-15 07:23:15,3,1987.55,974.75,1012.8
723,260,75,3,0.22,2022-11-10 16:39:41,4,216.45,128.01,88.44
724,259,26,4,0.1,2020-06-30 05:19:26,5,1004.47,565.6,438.87
725,240,17,3,0.39,2020-07-06 07:32:17,4,424.85,545.64,-120.79
726,151,31,2,0.01,2020-11-10 14:14:25,4,220.22,162.5,57.72
727,30,43,5,0.29,2020-10-11 21:51:12,5,1448.19,1003.7,444.49
728,1,54,2,0.31,2022-06-05 04:56:44,3,267.18,299.86,-32.68
729,62,67,1,0.03,2022-07-19 04:16:43,4,220.61,124.96,95.65
730,130,18,4,0.07,2022-03-25 12:50:46,2,1065.89,679.56,386.33
731,224,25,4,0.15,2021-02-26 13:08:28,3,1085.25,752.52,332.73
732,137,76,5,0.35,2022-04-21 22:33:20,1,1394.32,1011.85,382.47
733,7,36,3,0.21,2020-06-23 08:55:48,3,341.97,289.56,52.41
734,64,20,1,0.26,2021-11-21 08:09:16,1,45.65,26.72,18.93
735,294,79,1,0.31,2020-08-14 06:06:48,2,151.03,104.76,46.27
736,297,36,3,0.33,2020-04-22 01:16:22,3,290.02,289.56,0.46
737,114,79,2,0.19,2020-08-29 19:13:33,4,354.6,209.52,145.08
738,242,74,5,0.2,2020-06-11 06:10:42,6,1166.84,1068.3,98.54
739,216,73,1,0.29,2021-11-28 13:47:36,1,111.08,70.26,40.82
740,280,47,5,0.11,2022-03-07 21:36:31,6,1613.44,1326.85,286.59
741,267,64,2,0.34,2022-06-05 18:47:10,2,639.86,510.3,129.56
742,189,77,1,0.01,2021-10-03 23:37:42,5,376.67,243.41,133.26
743,119,22,2,0.08,2020-09-14 13:08:08,5,438.27,284.06,154.21
744,188,4,1,0.32,2020-01-31 11:58:26,6,108.54,90.4,18.14
745,96,26,3,0.14,2022-11-06 05:52:52,1,719.87,424.2,295.67
746,105,51,2,0.06,2023-12-05 19:32:19,6,151.13,83.02,68.11
747,183,44,3,0.07,2021-02-14 06:40:54,1,244.54,109.11,135.43
748,172,7,3,0.21,2020-10-25 20:49:19,6,466.42,314.07,152.35
749,175,45,1,0.34,2021-03-30 20:59:49,4,10.72,10.1,0.62
750,116,14,1,0.03,2020-11-09 00:10:07,3,324.08,180.0,144.08
751,123,41,1,0.01,2020-11-22 07:23:30,3,330.5,147.92,182.58
752,4,47,1,0.19,2021-12-23 00:31:41,1,293.68,265.37,28.31
753,181,51,1,0.38,2023-02-20 09:37:22,5,49.84,41.51,8.33
754,173,34,2,0.11,2022-11-05 22:48:36,5,215.02,150.18,64.84
755,281,33,3,0.38,2023-11-02 07:52:36,6,795.02,584.85,210.17
756,152,55,2,0.36,2021-06-05 17:47:51,5,197.44,143.72,53.72
757,141,60,2,0.11,2021-12-20 01:11:40,6,856.43,673.06,183.37
758,21,65,3,0.33,2021-07-09 06:02:05,6,784.86,830.31,-45.45
759,60,27,3,0.27,2020-03-02 08:45:13,3,617.16,450.3,166.86
760,102,34,2,0.2,2021-07-21 04:51:00,5,193.28,150.18,43.1
761,114,27,2,0.17,2021-01-15 10:20:55,2,467.8,300.2,167.6
762,109,43,3,0.33,2021-11-29 22:27:23,5,819.96,602.22,217.74
763,119,11,1,0.32,2020-08-18 18:04:55,4,70.69,48.67,22.02
764,231,35,3,0.3,2022-12-18 19:31:41,3,71.11,45.03,26.08
765,40,16,5,0.4,2023-05-15 10:23:25,4,1174.38,800.75,373.63
766,100,43,2,0.19,2023-11-03 18:49:54,2,660.86,401.48,259.38
767,49,69,1,0.32,2020-05-03 21:17:01,4,35.84,36.83,-0.99
768,93,79,4,0.34,2020-06-20 17:51:54,3,577.87,419.04,158.83
769,206,36,1,0.08,2023-11-12 01:19:38,2,132.75,96.52,36.23
770,15,5,1,0.02,2023-05-23 09:34:06,6,408.63,173.73,234.9
771,102,19,1,0.16,2022-05-09 05:31:21,1,62.33,52.91,9.42
772,8,9,5,0.34,2021-04-14 10:34:44,5,1131.37,756.6,374.77
773,287,61,5,0.12,2022-01-25 21:36:07,2,2000.9,1719.7,281.2
774,219,79,3,0.28,2022-02-21 01:14:15,2,472.8,314.28,158.52
775,74,45,4,0.0,2023-05-22 03:09:56,1,64.96,40.4,24.56
776,60,15,4,0.14,2022-02-11 22:06:10,1,1217.97,901.24,316.73
777,30,2,4,0.25,2020-02-10 05:16:07,1,1251.54,1101.24,150.3
778,142,79,3,0.05,2022-10-18 09:37:30,5,623.84,314.28,309.56
779,227,26,5,0.36,2023-02-08 15:25:56,6,892.86,707.0,185.86
780,176,9,4,0.06,2021-03-11 04:27:32,4,1289.08,605.28,683.8
781,265,15,1,0.36,2020-06-19 05:48:20,1,226.6,225.31,1.29
782,104,21,2,0.09,2020-07-26 14:58:55,6,611.27,399.44,211.83
783,84,53,5,0.4,2023-05-12 12:51:52,4,677.55,567.3,110.25
784,144,72,3,0.24,2021-10-15 09:54:03,4,239.79,156.63,83.16
785,61,23,2,0.03,2022-02-11 14:20:04,6,552.49,441.5,110.99
786,293,55,5,0.03,2023-11-03 12:06:44,3,748.11,359.3,388.81
787,56,6,4,0.03,2020-03-30 05:58:27,3,1565.04,964.2,600.84
788,144,1,3,0.24,2020-10-27 16:07:23,5,504.77,420.84,83.93
789,157,5,3,0.32,2023-05-01 12:54:22,4,850.62,521.19,329.43
790,18,74,1,0.16,2022-02-27 14:33:21,5,245.04,213.66,31.38
791,141,47,2,0.18,2020-02-09 21:05:11,5,594.61,530.74,63.87
792,137,65,3,0.24,2022-10-23 05:09:17,6,890.29,830.31,59.98
793,78,2,5,0.21,2020-07-21 00:30:32,2,1647.86,1376.55,271.31
794,39,2,2,0.28,2023-02-15 22:20:21,1,600.74,550.62,50.12
795,14,68,1,0.19,2023-03-10 19:46:16,3,113.21,61.19,52.02
796,3,9,3,0.29,2023-04-18 15:14:05,4,730.25,453.96,276.29
797,145,13,5,0.4,2021-11-09 17:05:03,5,1183.59,1247.55,-63.96
798,27,42,3,0.14,2021-01-26 00:32:45,2,531.89,474.0,57.89
799,288,49,2,0.0,2023-07-10 19:51:36,5,169.66,89.38,80.28
800,74,19,4,0.05,2022-03-26 19:11:14,5,281.96,211.64,70.32
801,196,36,4,0.22,2022-07-16 17:26:30,5,450.18,386.08,64.1
802,203,54,2,0.14,2020-07-18 07:38:29,5,333.01,299.86,33.15
803,149,36,5,0.38,2022-06-29 08:26:51,6,447.3,482.6,-35.3
804,266,31,3,0.25,2022-04-26 22:27:39,4,250.24,243.75,6.49
805,34,6,1,0.21,2021-03-02 15:55:05,3,318.65,241.05,77.6
806,71,37,3,0.32,2023-01-24 14:33:20,3,306.67,231.12,75.55
807,76,65,5,0.1,2020-07-14 04:09:55,5,1757.16,1383.85,373.31
808,41,51,2,0.33,2022-11-16 07:04:52,2,107.72,83.02,24.7
809,89,72,3,0.0,2023-11-04 07:28:50,4,315.51,156.63,158.88
810,94,11,4,0.25,2022-04-08 04:40:20,4,311.85,194.68,117.17
811,230,1,4,0.37,2020-06-02 00:06:39,4,557.9,561.12,-3.22
812,91,44,5,0.32,2022-03-18 19:55:33,3,298.01,181.85,116.16
813,264,15,1,0.34,2022-02-11 08:31:53,5,233.68,225.31,8.37
814,232,48,3,0.16,2022-03-17 04:36:52,1,588.75,506.94,81.81
815,271,73,3,0.33,2021-02-01 22:48:12,5,314.46,210.78,103.68
816,32,27,1,0.22,2022-07-03 02:04:00,5,219.81,150.1,69.71
817,296,44,4,0.25,2021-01-20 15:29:19,6,262.95,145.48,117.47
818,185,55,1,0.02,2022-03-25 11:37:45,6,151.16,71.86,79.3
819,295,13,3,0.08,2022-05-18 02:18:04,3,1088.9,748.53,340.37
820,107,72,2,0.22,2022-07-31 23:24:44,1,164.07,104.42,59.65
821,286,17,1,0.02,2023-03-10 23:36:41,4,227.52,181.88,45.64
822,177,65,5,0.3,2023-07-12 12:02:42,1,1366.68,1383.85,-17.17
823,22,53,2,0.34,2023-02-08 16:22:08,2,298.12,226.92,71.2
824,124,12,2,0.37,2023-03-07 23:15:39,5,10.89,13.3,-2.41
825,42,58,5,0.04,2023-06-22 10:48:40,4,232.27,192.8,39.47
826,283,16,5,0.38,2020-12-20 00:22:00,4,1213.53,800.75,412.78
827,92,48,1,0.03,2021-03-03 15:18:42,5,226.62,168.98,57.64
828,67,77,2,0.19,2022-02-17 06:14:06,1,616.36,486.82,129.54
829,166,77,4,0.34,2021-11-10 23:55:42,5,1004.44,973.64,30.8
830,128,70,4,0.03,2022-10-22 02:27:38,4,1752.95,912.6,840.35
831,30,40,5,0.01,2020-01-14 15:05:00,3,1945.5,1390.25,555.25
832,245,45,3,0.01,2020-07-21 21:57:57,3,48.23,30.3,17.93
833,254,25,1,0.2,2022-12-26 09:53:28,4,255.35,188.13,67.22
834,223,74,5,0.32,2023-04-15 01:42:13,4,991.81,1068.3,-76.49
835,186,39,1,0.05,2021-03-17 10:06:09,3,266.69,193.93,72.76
836,121,62,1,0.05,2021-03-29 23:18:00,2,333.79,266.11,67.68
837,163,29,4,0.23,2022-03-30 18:44:00,2,62.37,46.64,15.73
838,157,60,4,0.09,2021-11-27 14:12:08,3,1751.35,1346.12,405.23
839,50,18,1,0.29,2020-09-04 04:16:54,2,203.44,169.89,33.55
840,25,59,1,0.38,2021-12-31 16:07:16,4,39.31,47.98,-8.67
841,76,4,3,0.31,2023-04-11 07:45:31,6,330.41,271.2,59.21
842,137,9,2,0.35,2022-12-01 03:12:59,1,445.69,302.64,143.05
843,49,29,4,0.21,2023-04-08 05:13:06,2,63.99,46.64,17.35
844,33,39,3,0.33,2022-07-28 23:26:49,1,564.27,581.79,-17.52
845,256,57,3,0.07,2023-07-05 01:57:00,6,513.64,317.04,196.6
846,113,29,3,0.03,2020-12-30 17:44:13,5,58.93,34.98,23.95
847,176,2,2,0.26,2020-03-08 01:37:56,2,617.43,550.62,66.81
848,158,27,2,0.02,2020-06-15 11:57:01,3,552.35,300.2,252.15
849,221,36,4,0.36,2023-12-19 23:45:11,5,369.38,386.08,-16.7
850,222,44,3,0.28,2022-07-24 03:46:20,6,189.32,109.11,80.21
851,89,52,3,0.38,2020-12-27 18:11:26,4,650.4,635.73,14.67
852,255,20,3,0.13,2023-05-31 23:34:49,2,161.01,80.16,80.85
853,112,49,2,0.19,2021-03-27 18:33:22,5,137.42,89.38,48.04
854,251,51,5,0.3,2022-05-22 00:38:52,5,281.36,207.55,73.81
855,122,63,3,0.1,2020-12-30 00:43:26,4,368.85,249.0,119.85
856,34,42,4,0.22,2020-05-18 12:55:56,1,643.22,632.0,11.22
857,229,65,5,0.26,2021-01-25 14:20:44,5,1444.78,1383.85,60.93
858,10,18,5,0.39,2020-11-29 03:10:12,1,873.92,849.45,24.47
859,232,57,4,0.3,2022-03-17 21:15:14,6,515.48,422.72,92.76
860,13,4,4,0.05,2020-01-31 05:04:14,6,606.56,361.6,244.96
861,63,9,3,0.19,2020-12-16 02:57:41,4,833.1,453.96,379.14
862,182,70,4,0.24,2022-04-08 22:41:16,4,1373.44,912.6,460.84
863,283,39,2,0.06,2021-07-28 21:44:48,1,527.77,387.86,139.91
864,123,50,4,0.17,2022-07-17 11:16:21,6,840.03,790.6,49.43
865,37,49,1,0.11,2022-08-15 04:27:16,2,75.5,44.69,30.81
866,70,56,5,0.05,2023-11-10 10:45:15,2,1505.7,662.45,843.25
867,269,20,2,0.2,2023-05-05 14:21:29,5,98.7,53.44,45.26
868,219,15,4,0.07,2020-11-29 04:56:30,6,1317.1,901.24,415.86
869,31,4,1,0.24,2022-10-08 09:39:43,3,121.31,90.4,30.91
870,116,70,1,0.07,2022-07-04 18:24:03,4,420.16,228.15,192.01
871,80,18,5,0.29,2022-05-17 17:04:20,4,1017.18,849.45,167.73
872,54,47,5,0.08,2023-03-12 12:17:15,2,1667.82,1326.85,340.97
873,254,37,2,0.36,2020-08-03 16:24:31,4,192.42,154.08,38.34
874,186,13,1,0.01,2021-07-01 18:10:33,6,390.58,249.51,141.07
875,54,34,5,0.21,2023-04-06 12:41:26,3,477.16,375.45,101.71
876,196,7,5,0.13,2023-07-26 13:26:19,5,856.08,523.45,332.63
877,125,15,1,0.09,2020-02-24 10:06:43,5,322.19,225.31,96.88
878,19,12,4,0.19,2021-11-19 08:14:41,6,27.99,26.6,1.39
879,135,66,2,0.34,2021-01-20 17:16:33,5,475.02,478.38,-3.36
880,56,46,4,0.37,2020-09-02 05:06:35,6,124.92,108.72,16.2
881,74,75,3,0.12,2020-03-24 07:20:40,5,244.2,128.01,116.19
882,264,35,1,0.06,2022-02-24 13:15:10,6,31.83,15.01,16.82
883,214,17,2,0.29,2022-09-01 10:42:40,5,329.67,363.76,-34.09
884,41,49,3,0.23,2022-02-14 15:20:23,6,195.96,134.07,61.89
885,256,75,4,0.08,2021-06-21 19:43:21,6,340.4,170.68,169.72
886,173,43,1,0.3,2023-01-31 02:38:10,6,285.56,200.74,84.82
887,263,2,5,0.21,2022-08-09 23:46:43,4,1647.86,1376.55,271.31
888,225,25,4,0.26,2023-08-19 07:17:56,5,944.8,752.52,192.28
889,102,74,5,0.14,2021-05-21 15:57:53,6,1254.35,1068.3,186.05
890,161,42,5,0.18,2020-12-14 21:25:39,3,845.26,790.0,55.26
891,160,77,1,0.07,2021-10-27 09:09:18,1,353.84,243.41,110.43
892,216,41,1,0.3,2022-01-10 00:44:05,6,233.69,147.92,85.77
893,75,1,4,0.06,2021-10-30 14:57:13,4,832.43,561.12,271.31
894,100,70,1,0.31,2023-04-30 07:32:07,3,311.74,228.15,83.59
895,74,62,1,0.32,2020-03-07 13:08:45,5,238.92,266.11,-27.19
896,89,58,3,0.3,2022-02-09 12:59:29,1,101.62,115.68,-14.06
897,49,78,5,0.01,2021-09-20 03:08:14,3,1787.59,1353.9,433.69
898,11,16,4,0.11,2020-11-03 20:40:50,2,1393.6,640.6,753.0
899,283,73,3,0.19,2022-07-24 22:53:43,2,380.17,210.78,169.39
900,23,19,1,0.24,2023-03-15 22:41:40,6,56.39,52.91,3.48
901,267,78,2,0.37,2022-03-08 05:40:14,4,455.02,541.56,-86.54
902,1,16,4,0.15,2020-05-04 00:42:04,1,1330.96,640.6,690.36
903,234,45,1,0.35,2020-04-19 21:56:35,3,10.56,10.1,0.46
904,99,64,3,0.07,2021-09-07 13:56:07,2,1352.42,765.45,586.97
905,156,7,1,0.15,2022-09-02 08:40:54,6,167.28,104.69,62.59
906,85,6,2,0.02,2021-04-02 17:22:02,2,790.59,482.1,308.49
907,148,68,2,0.3,2021-03-26 22:33:03,3,195.66,122.38,73.28
908,136,5,4,0.06,2023-06-09 18:15:24,3,1567.81,694.92,872.89
909,159,50,5,0.1,2020-01-22 01:47:43,2,1138.59,988.25,150.34
910,118,76,1,0.31,2020-04-26 09:53:35,5,296.02,202.37,93.65
911,161,50,4,0.21,2020-08-15 04:04:05,4,799.54,790.6,8.94
912,248,39,4,0.01,2023-12-07 01:00:20,3,1111.69,775.72,335.97
913,131,34,5,0.0,2021-12-27 10:29:25,3,604.0,375.45,228.55
914,109,52,5,0.2,2020-08-19 02:24:43,5,1398.72,1059.55,339.17
915,40,46,1,0.12,2021-03-29 04:28:26,1,43.62,27.18,16.44
916,108,41,4,0.07,2023-11-16 08:26:35,6,1241.88,591.68,650.2
917,38,13,3,0.25,2022-10-10 19:10:50,4,887.69,748.53,139.16
918,55,54,1,0.09,2020-11-22 14:13:03,2,176.19,149.93,26.26
919,286,60,2,0.24,2020-12-17 08:29:52,4,731.33,673.06,58.27
920,27,57,5,0.15,2020-04-19 10:26:35,6,782.42,528.4,254.02
921,145,7,3,0.07,2023-02-02 06:46:39,2,549.07,314.07,235.0
922,251,57,2,0.06,2020-07-19 14:37:48,4,346.11,211.36,134.75
923,286,59,2,0.09,2021-02-22 06:09:37,4,115.41,95.96,19.45
924,45,15,5,0.01,2021-05-23 14:58:40,5,1752.6,1126.55,626.05
925,50,68,2,0.12,2022-06-25 11:03:51,4,245.98,122.38,123.6
926,112,42,1,0.36,2022-06-04 05:25:28,5,131.94,158.0,-26.06
927,167,38,3,0.33,2023-03-12 20:32:31,5,668.63,662.4,6.23
928,288,58,5,0.15,2021-03-10 00:21:26,6,205.66,192.8,12.86
929,63,41,1,0.23,2021-07-16 21:53:12,3,257.06,147.92,109.14
930,50,44,2,0.23,2021-07-21 09:32:44,5,134.98,72.74,62.24
931,76,25,3,0.33,2020-03-09 08:02:42,2,641.57,564.39,77.18
932,263,75,1,0.09,2022-12-12 20:33:39,6,84.18,42.67,41.51
933,10,78,4,0.12,2022-02-20 18:00:39,6,1271.18,1083.12,188.06
934,115,11,2,0.12,2021-11-25 11:50:05,2,182.95,97.34,85.61
935,36,59,1,0.02,2023-12-24 07:08:00,4,62.14,47.98,14.16
936,48,2,2,0.13,2020-09-18 02:46:07,5,725.89,550.62,175.27
937,276,30,5,0.35,2023-11-15 17:28:29,1,718.84,451.9,266.94
938,1,78,5,0.36,2022-09-20 08:14:29,5,1155.62,1353.9,-198.28
939,97,14,3,0.04,2020-11-18 16:37:03,5,962.21,540.0,422.21
940,275,31,3,0.18,2022-09-17 15:20:00,6,273.6,243.75,29.85
941,183,18,5,0.15,2023-01-08 07:36:20,2,1217.75,849.45,368.3
942,22,59,1,0.2,2021-06-13 05:08:58,5,50.73,47.98,2.75
943,140,38,4,0.22,2021-05-18 15:06:43,5,1037.87,883.2,154.67
944,292,48,4,0.01,2023-05-04 08:55:31,1,925.17,675.92,249.25
945,121,76,4,0.34,2020-08-21 23:56:51,5,1132.61,809.48,323.13
946,159,42,2,0.39,2020-01-20 11:26:09,4,251.52,316.0,-64.48
947,160,59,4,0.26,2022-08-30 05:39:03,6,187.69,191.92,-4.23
948,199,8,4,0.26,2023-08-16 13:15:13,1,437.25,270.52,166.73
949,57,18,5,0.21,2022-01-01 06:26:24,6,1131.79,849.45,282.34
950,252,76,1,0.13,2020-07-16 01:34:55,4,373.25,202.37,170.88
951,297,69,4,0.06,2022-02-26 06:38:19,2,198.19,147.32,50.87
952,43,53,5,0.23,2021-01-02 17:59:44,3,869.52,567.3,302.22
953,246,31,2,0.02,2023-04-22 23:50:19,5,217.99,162.5,55.49
954,246,16,4,0.33,2022-06-12 16:11:36,6,1049.11,640.6,408.51
955,223,69,1,0.17,2021-05-06 08:29:25,2,43.75,36.83,6.92
956,112,63,4,0.17,2022-06-30 20:27:02,6,453.55,332.0,121.55
957,141,20,4,0.13,2022-08-31 23:00:01,4,214.68,106.88,107.8
958,252,48,1,0.39,2022-09-17 23:03:35,2,142.51,168.98,-26.47
959,46,50,1,0.07,2021-06-18 15:20:56,4,235.31,197.65,37.66
960,249,39,4,0.06,2022-04-13 02:51:59,5,1055.54,775.72,279.82
961,277,75,2,0.07,2020-03-03 09:02:43,1,172.05,85.34,86.71
962,205,10,3,0.26,2021-08-12 04:20:00,1,164.68,141.33,23.35
963,103,21,1,0.4,2021-07-05 21:38:57,1,201.52,199.72,1.8
964,168,8,5,0.09,2022-02-19 14:58:47,4,672.13,338.15,333.98
965,16,56,3,0.36,2023-10-19 01:12:27,1,608.62,397.47,211.15
966,280,52,5,0.11,2023-10-24 03:56:27,6,1556.08,1059.55,496.53
967,103,79,1,0.26,2021-12-06 13:31:02,1,161.98,104.76,57.22
968,18,44,2,0.02,2022-08-01 08:50:13,1,171.79,72.74,99.05
969,239,13,4,0.2,2020-06-07 00:23:40,2,1262.5,998.04,264.46
970,198,37,4,0.26,2021-12-05 02:28:09,5,444.98,308.16,136.82
971,187,8,4,0.21,2022-10-01 05:27:07,6,466.8,270.52,196.28
972,17,54,5,0.1,2022-09-23 21:09:43,2,871.25,749.65,121.6
973,226,54,5,0.33,2023-11-07 12:48:44,4,648.59,749.65,-101.06
974,192,69,1,0.39,2021-11-11 17:06:29,5,32.15,36.83,-4.68
975,239,28,2,0.18,2023-08-18 14:24:05,5,254.95,189.12,65.83
976,249,25,5,0.25,2023-11-29 22:12:51,1,1196.96,940.65,256.31
977,64,6,3,0.32,2022-04-15 01:30:27,6,822.85,723.15,99.7
978,64,34,5,0.1,2020-05-13 13:24:18,6,543.6,375.45,168.15
979,278,39,3,0.35,2021-07-03 08:52:38,5,547.42,581.79,-34.37
980,160,61,1,0.11,2023-01-21 11:40:48,4,404.73,343.94,60.79
981,132,61,3,0.31,2022-04-27 18:56:43,3,941.33,1031.82,-90.49
982,87,12,5,0.04,2023-09-29 00:36:09,6,41.47,33.25,8.22
983,192,23,4,0.12,2023-04-06 06:13:27,6,1002.46,883.0,119.46
984,227,41,1,0.21,2020-04-02 07:30:37,4,263.73,147.92,115.81
985,1,27,2,0.21,2023-06-11 09:45:23,5,445.26,300.2,145.06
986,166,3,5,0.34,2021-06-05 18:18:50,3,1160.38,762.65,397.73
987,299,68,5,0.4,2023-04-10 12:17:23,5,419.28,305.95,113.33
988,85,59,4,0.04,2022-01-11 08:43:17,1,243.49,191.92,51.57
989,85,42,1,0.11,2021-10-26 23:53:32,6,183.48,158.0,25.48
990,264,26,4,0.14,2020-04-15 18:32:42,4,959.83,565.6,394.23
991,19,68,5,0.19,2020-06-22 12:47:02,4,566.03,305.95,260.08
992,120,3,4,0.2,2022-05-19 03:11:30,2,1125.22,610.12,515.1
993,138,36,3,0.34,2022-04-10 23:50:12,4,285.69,289.56,-3.87
994,240,65,3,0.31,2022-03-21 04:06:45,1,808.29,830.31,-22.02
995,39,77,2,0.01,2020-08-16 09:15:58,6,753.33,486.82,266.51
996,131,21,2,0.18,2022-01-14 12:17:49,5,550.81,399.44,151.37
997,46,53,4,0.25,2020-03-29 23:58:48,3,677.55,453.84,223.71
998,237,16,1,0.18,2020-07-29 10:26:21,6,321.0,160.15,160.85
999,190,10,1,0.05,2021-12-29 01:19:15,5,70.47,47.11,23.36
1000,150,29,2,0.16,2022-06-19 18:09:57,1,34.02,23.32,10.7
1001,118,71,4,0.16,2022-08-14 20:17:08,1,774.85,714.64,60.21
1002,46,56,4,0.08,2023-12-04 15:30:50,2,1166.52,529.96,636.56
1003,277,40,3,0.3,2023-06-01 01:19:17,1,825.36,834.15,-8.79
1004,195,23,3,0.13,2021-07-08 11:24:39,4,743.3,662.25,81.05
1005,96,12,1,0.24,2023-02-16 22:33:28,4,6.57,6.65,-0.08
1006,125,22,2,0.21,2020-05-19 15:25:03,4,376.34,284.06,92.28
1007,218,13,1,0.35,2023-06-05 13:42:27,1,256.44,249.51,6.93
1008,216,15,4,0.05,2021-07-18 12:00:12,6,1345.43,901.24,444.19
1009,139,56,4,0.05,2023-01-14 16:48:35,6,1204.56,529.96,674.6
1010,91,11,2,0.12,2023-11-18 02:57:22,4,182.95,97.34,85.61
1011,198,4,2,0.17,2022-10-23 17:30:30,1,264.97,180.8,84.17
1012,198,44,2,0.12,2023-09-05 13:21:02,3,154.26,72.74,81.52
1013,180,23,5,0.31,2020-01-15 19:13:13,5,982.53,1103.75,-121.22
1014,22,37,3,0.1,2020-09-06 00:12:40,5,405.89,231.12,174.77
1015,142,12,4,0.03,2022-07-03 02:37:30,2,33.52,26.6,6.92
1016,185,17,3,0.17,2022-02-28 06:12:40,5,578.08,545.64,32.44
1017,286,36,4,0.31,2020-06-24 21:40:56,6,398.24,386.08,12.16
1018,158,56,3,0.34,2022-11-14 19:37:51,4,627.64,397.47,230.17
1019,103,34,2,0.29,2020-03-26 15:41:46,3,171.54,150.18,21.36
1020,167,44,5,0.22,2023-12-17 12:30:00,4,341.84,181.85,159.99
1021,54,42,4,0.29,2020-08-16 08:40:54,1,585.49,632.0,-46.51
1022,28,22,4,0.27,2021-10-12 09:15:28,4,695.51,568.12,127.39
1023,204,23,5,0.09,2023-04-17 00:09:26,1,1295.79,1103.75,192.04
1024,296,35,2,0.22,2022-01-20 11:58:28,1,52.82,30.02,22.8
1025,254,3,1,0.31,2022-12-22 00:28:57,4,242.62,152.53,90.09
1026,176,55,3,0.13,2022-10-24 07:47:49,4,402.59,215.58,187.01
1027,13,50,2,0.26,2023-10-17 04:59:06,6,374.47,395.3,-20.83
1028,297,25,3,0.19,2021-11-08 08:49:06,4,775.63,564.39,211.24
1029,135,30,2,0.2,2023-11-30 07:19:41,6,353.89,180.76,173.13
1030,87,27,2,0.04,2022-01-24 11:22:57,5,541.08,300.2,240.88
1031,268,53,2,0.27,2023-07-28 04:40:15,3,329.74,226.92,102.82
1032,224,61,2,0.35,2022-12-05 15:43:17,6,591.18,687.88,-96.7
1033,225,9,4,0.06,2020-07-13 01:43:43,3,1289.08,605.28,683.8
1034,84,34,3,0.15,2022-07-28 16:51:00,4,308.04,225.27,82.77
1035,298,2,3,0.02,2023-07-06 10:31:52,1,1226.51,825.93,400.58
1036,136,37,1,0.01,2020-07-06 10:16:44,2,148.83,77.04,71.79
1037,160,20,3,0.4,2023-05-09 09:50:42,4,111.04,80.16,30.88
1038,226,27,1,0.2,2020-06-02 22:36:09,2,225.45,150.1,75.35
1039,198,37,2,0.14,2023-06-25 18:50:54,4,258.57,154.08,104.49
1040,52,26,3,0.11,2023-02-25 19:21:16,1,744.98,424.2,320.78
1041,91,32,1,0.39,2020-08-09 11:03:50,2,126.4,157.17,-30.77
1042,109,62,2,0.1,2022-11-26 15:16:34,4,632.45,532.22,100.23
1043,285,65,2,0.29,2020-06-19 12:23:08,4,554.48,553.54,0.94
1044,215,1,5,0.11,2022-04-09 07:52:08,6,985.19,701.4,283.79
1045,110,31,5,0.03,2023-09-10 18:15:47,6,539.42,406.25,133.17
1046,221,68,1,0.27,2020-10-27 16:58:01,5,102.02,61.19,40.83
1047,222,43,4,0.0,2020-09-10 18:53:08,1,1631.76,802.96,828.8
1048,119,17,4,0.27,2021-09-09 09:43:32,4,677.91,727.52,-49.61
1049,121,48,2,0.1,2021-06-22 04:30:19,2,420.53,337.96,82.57
1050,269,12,3,0.3,2020-03-11 18:26:14,2,18.14,19.95,-1.81
1051,169,2,4,0.31,2021-10-27 17:42:32,2,1151.42,1101.24,50.18
1052,45,51,2,0.29,2021-01-13 22:36:57,3,114.15,83.02,31.13
1053,216,42,1,0.01,2020-06-30 16:27:58,1,204.1,158.0,46.1
1054,177,61,2,0.28,2021-02-07 00:17:04,4,654.84,687.88,-33.04
1055,153,28,2,0.4,2020-01-31 03:01:31,1,186.55,189.12,-2.57
1056,218,69,2,0.1,2023-08-28 23:01:25,4,94.88,73.66,21.22
1057,273,34,2,0.11,2023-12-22 08:55:48,4,215.02,150.18,64.84
1058,100,60,1,0.33,2021-06-20 17:31:07,2,322.36,336.53,-14.17
1059,126,9,5,0.06,2023-07-03 22:04:11,1,1611.35,756.6,854.75
1060,57,8,1,0.26,2021-11-04 13:34:01,5,109.31,67.63,41.68
1061,195,63,4,0.3,2023-08-25 00:19:15,5,382.51,332.0,50.51
1062,121,67,4,0.01,2020-09-09 18:31:41,2,900.62,499.84,400.78
1063,103,76,4,0.22,2021-02-19 11:05:23,6,1338.54,809.48,529.06
1064,209,26,5,0.23,2022-12-16 03:30:27,2,1074.23,707.0,367.23
1065,123,2,1,0.12,2020-11-17 08:21:32,6,367.12,275.31,91.81
1066,140,79,2,0.35,2023-04-17 08:48:27,1,284.56,209.52,75.04
1067,133,49,1,0.07,2021-09-13 18:21:51,4,78.89,44.69,34.2
1068,78,20,3,0.15,2021-08-12 16:31:54,1,157.31,80.16,77.15
1069,38,62,4,0.34,2021-10-23 20:18:38,2,927.59,1064.44,-136.85
1070,249,73,5,0.08,2023-03-10 21:11:43,3,719.67,351.3,368.37
1071,28,23,2,0.33,2020-01-09 04:12:15,1,381.62,441.5,-59.88
1072,98,62,2,0.03,2023-01-01 00:08:47,3,681.64,532.22,149.42
1073,201,64,5,0.2,2023-02-11 17:01:44,2,1938.96,1275.75,663.21
1074,40,41,4,0.03,2023-04-13 21:04:01,1,1295.3,591.68,703.62
1075,197,51,4,0.27,2023-12-26 03:12:46,6,234.74,166.04,68.7
1076,220,22,3,0.32,2023-02-16 02:20:16,6,485.91,426.09,59.82
1077,199,75,3,0.34,2022-02-10 21:19:41,6,183.15,128.01,55.14
1078,92,79,2,0.39,2021-11-11 12:43:21,1,267.05,209.52,57.53
1079,6,79,4,0.27,2021-07-20 20:35:04,3,639.16,419.04,220.12
1080,267,59,2,0.31,2023-04-22 15:25:40,2,87.51,95.96,-8.45
1081,98,4,5,0.2,2021-07-27 10:01:34,2,638.48,452.0,186.48
1082,242,30,1,0.37,2022-04-16 01:22:19,3,139.34,90.38,48.96
1083,60,36,3,0.26,2020-05-20 06:32:33,4,320.32,289.56,30.76
1084,49,77,2,0.35,2021-04-08 07:00:16,3,494.61,486.82,7.79
1085,234,44,4,0.09,2021-01-23 14:18:36,2,319.05,145.48,173.57
1086,282,43,4,0.2,2021-09-27 03:09:36,6,1305.41,802.96,502.45
1087,259,12,5,0.29,2022-01-03 02:43:58,6,30.67,33.25,-2.58
1088,226,64,4,0.08,2022-11-12 02:01:53,2,1783.84,1020.6,763.24
1089,75,27,2,0.08,2021-09-22 11:57:14,2,518.53,300.2,218.33
1090,274,8,2,0.39,2020-08-07 11:41:32,4,180.22,135.26,44.96
1091,201,80,5,0.17,2022-03-06 18:01:02,3,1309.41,826.85,482.56
1092,52,16,3,0.07,2020-03-20 20:17:49,6,1092.17,480.45,611.72
1093,39,2,1,0.13,2023-05-24 15:15:37,3,362.95,275.31,87.64
1094,262,7,5,0.16,2023-01-30 00:38:01,1,826.56,523.45,303.11
1095,83,37,4,0.25,2020-11-24 20:29:25,1,450.99,308.16,142.83
1096,230,9,1,0.37,2021-01-19 07:51:14,1,215.99,151.32,64.67
1097,42,68,4,0.39,2020-02-10 09:21:10,3,341.01,244.76,96.25
1098,85,41,4,0.26,2021-06-16 00:54:00,2,988.17,591.68,396.49
1099,86,26,4,0.28,2020-02-25 19:25:10,6,803.58,565.6,237.98
1100,85,1,5,0.13,2023-09-29 01:38:55,6,963.05,701.4,261.65
1101,203,39,3,0.34,2020-07-14 21:16:29,1,555.85,581.79,-25.94
1102,275,13,3,0.09,2022-08-20 16:27:24,6,1077.07,748.53,328.54
1103,274,79,4,0.04,2022-04-12 21:43:25,4,840.54,419.04,421.5
1104,223,24,1,0.39,2020-12-11 19:33:02,2,234.04,241.21,-7.17
1105,61,38,1,0.35,2023-03-25 22:47:44,3,216.22,220.8,-4.58
1106,289,2,5,0.12,2020-06-07 22:57:52,3,1835.59,1376.55,459.04
1107,163,11,2,0.27,2023-07-18 17:40:48,2,151.77,97.34,54.43
1108,164,17,3,0.19,2022-12-16 21:39:39,6,564.15,545.64,18.51
1109,211,5,2,0.13,2022-07-16 06:21:59,1,725.53,347.46,378.07
1110,231,59,2,0.11,2023-07-08 07:16:02,1,112.87,95.96,16.91
1111,286,76,3,0.05,2021-08-11 14:08:22,2,1222.71,607.11,615.6
1112,175,79,5,0.22,2021-02-15 04:35:12,1,853.67,523.8,329.87
1113,184,22,3,0.18,2020-08-13 14:11:43,1,585.95,426.09,159.86
1114,224,64,1,0.2,2023-09-11 13:55:00,3,387.79,255.15,132.64
1115,77,41,2,0.09,2021-08-09 01:41:54,3,607.59,295.84,311.75
1116,93,4,1,0.38,2023-04-25 21:52:00,1,98.96,90.4,8.56
1117,188,8,5,0.26,2021-04-30 07:49:34,5,546.56,338.15,208.41
1118,20,44,2,0.36,2023-10-26 07:10:12,6,112.19,72.74,39.45
1119,97,34,2,0.04,2023-06-24 05:42:24,5,231.94,150.18,81.76
1120,216,1,1,0.25,2021-03-25 17:42:15,4,166.04,140.28,25.76
1121,293,75,3,0.34,2021-12-11 14:38:49,6,183.15,128.01,55.14
1122,156,59,5,0.13,2023-03-05 05:23:02,3,275.83,239.9,35.93
1123,120,41,3,0.08,2020-11-26 05:54:15,3,921.4,443.76,477.64
1124,133,79,4,0.11,2020-02-04 13:57:18,1,779.25,419.04,360.21
1125,206,78,1,0.11,2021-02-25 15:35:21,5,321.41,270.78,50.63
1126,164,78,1,0.18,2022-05-12 06:13:03,1,296.13,270.78,25.35
1127,7,21,4,0.13,2020-07-18 05:54:52,4,1168.79,798.88,369.91
1128,162,71,1,0.11,2021-05-01 18:04:30,5,205.24,178.66,26.58
1129,121,41,3,0.26,2023-09-03 03:14:02,2,741.12,443.76,297.36
1130,211,59,2,0.02,2020-04-19 14:42:33,4,124.28,95.96,28.32
1131,263,69,1,0.14,2020-03-14 12:07:06,2,45.33,36.83,8.5
1132,289,14,3,0.28,2021-09-10 19:48:42,3,721.66,540.0,181.66
1133,184,36,5,0.07,2020-01-19 18:07:57,4,670.95,482.6,188.35
1134,109,11,1,0.09,2020-02-10 14:47:16,2,94.59,48.67,45.92
1135,134,23,5,0.08,2020-09-24 03:55:56,5,1310.03,1103.75,206.28
1136,53,34,3,0.0,2020-05-29 07:02:49,3,362.4,225.27,137.13
1137,281,69,4,0.19,2023-03-29 21:01:32,3,170.78,147.32,23.46
1138,255,70,1,0.02,2020-06-28 03:33:22,5,442.75,228.15,214.6
1139,257,32,5,0.11,2022-02-03 06:16:34,2,922.13,785.85,136.28
1140,99,27,1,0.4,2022-10-26 17:13:50,3,169.09,150.1,18.99
1141,97,43,5,0.37,2022-07-02 17:32:55,6,1285.01,1003.7,281.31
1142,257,73,4,0.09,2022-08-12 15:33:12,3,569.48,281.04,288.44
1143,164,79,2,0.12,2021-06-06 06:55:04,1,385.25,209.52,175.73
1144,212,19,1,0.19,2023-07-21 17:10:38,2,60.1,52.91,7.19
1145,147,15,4,0.34,2020-04-10 06:28:35,6,934.72,901.24,33.48
1146,133,57,1,0.32,2020-06-05 16:21:37,5,125.19,105.68,19.51
1147,190,25,4,0.05,2023-06-03 23:46:55,5,1212.92,752.52,460.4
1148,244,16,4,0.05,2020-04-09 18:57:45,2,1487.55,640.6,846.95
1149,101,3,2,0.17,2020-10-07 03:58:31,6,583.71,305.06,278.65
1150,243,33,2,0.35,2020-09-09 19:59:04,3,555.66,389.9,165.76
1151,74,32,2,0.35,2020-02-18 06:23:39,5,269.39,314.34,-44.95
1152,121,46,2,0.04,2020-06-19 19:52:04,6,95.17,54.36,40.81
1153,274,17,1,0.23,2022-04-16 03:33:10,2,178.76,181.88,-3.12
1154,287,58,2,0.06,2022-08-23 08:23:27,6,90.97,77.12,13.85
1155,278,55,4,0.27,2020-05-01 14:27:15,4,450.41,287.44,162.97
1156,95,37,2,0.37,2023-10-07 21:10:36,5,189.42,154.08,35.34
1157,253,15,4,0.18,2020-05-19 19:29:43,5,1161.32,901.24,260.08
1158,281,41,5,0.03,2022-09-30 00:45:44,2,1619.12,739.6,879.52
1159,294,54,4,0.23,2023-03-14 13:12:40,5,596.32,599.72,-3.4
1160,7,30,3,0.16,2022-01-30 08:12:03,2,557.37,271.14,286.23
1161,224,22,2,0.32,2021-12-18 18:00:00,2,323.94,284.06,39.88
1162,300,41,5,0.14,2020-06-08 05:21:37,1,1435.51,739.6,695.91
1163,230,29,2,0.35,2020-12-18 14:27:22,2,26.32,23.32,3.0
1164,70,33,3,0.11,2023-05-26 20:27:35,6,1141.24,584.85,556.39
1165,229,28,3,0.06,2021-05-23 23:52:11,2,438.4,283.68,154.72
1166,32,25,4,0.12,2020-02-20 07:06:49,3,1123.55,752.52,371.03
1167,145,58,3,0.01,2022-11-30 16:36:14,3,143.72,115.68,28.04
1168,188,37,4,0.11,2022-09-25 03:16:01,5,535.17,308.16,227.01
1169,137,38,5,0.26,2020-04-06 21:02:57,4,1230.8,1104.0,126.8
1170,210,53,2,0.06,2020-03-15 13:36:03,4,424.6,226.92,197.68
1171,73,29,5,0.04,2020-06-19 01:28:50,6,97.2,58.3,38.9
1172,182,9,1,0.05,2020-03-15 07:41:46,3,325.7,151.32,174.38
1173,194,69,5,0.03,2022-06-18 17:49:18,5,255.64,184.15,71.49
1174,191,5,1,0.35,2020-07-12 15:04:59,6,271.03,173.73,97.3
1175,87,46,5,0.38,2022-06-05 04:17:22,5,153.67,135.9,17.77
1176,92,22,2,0.02,2020-09-14 03:55:08,1,466.85,284.06,182.79
1177,78,18,5,0.3,2023-11-20 19:04:29,2,1002.85,849.45,153.4
1178,139,4,1,0.29,2022-11-25 20:17:05,4,113.33,90.4,22.93
1179,176,73,3,0.4,2021-06-30 20:12:49,3,281.61,210.78,70.83
1180,109,35,5,0.14,2021-09-17 22:03:02,2,145.6,75.05,70.55
1181,123,28,1,0.11,2020-04-05 00:19:12,3,138.36,94.56,43.8
1182,86,60,2,0.18,2020-03-21 03:05:04,1,789.07,673.06,116.01
1183,66,4,1,0.34,2022-02-23 19:18:42,2,105.35,90.4,14.95
1184,198,46,2,0.29,2020-02-03 05:26:08,5,70.39,54.36,16.03
1185,245,40,2,0.19,2022-07-20 23:40:20,1,636.71,556.1,80.61
1186,88,45,4,0.1,2021-07-12 08:28:32,6,58.46,40.4,18.06
1187,259,10,2,0.29,2020-07-22 19:40:53,3,105.34,94.22,11.12
1188,172,77,1,0.34,2022-02-21 02:29:45,5,251.11,243.41,7.7
1189,51,20,1,0.16,2022-03-18 04:17:00,2,51.82,26.72,25.1
1190,110,55,5,0.27,2022-12-25 14:21:07,5,563.01,359.3,203.71
1191,3,60,5,0.16,2020-10-15 17:45:35,4,2020.79,1682.65,338.14
1192,12,28,2,0.19,2022-03-10 04:02:50,6,251.85,189.12,62.73
1193,101,11,1,0.21,2023-05-18 07:20:28,1,82.12,48.67,33.45
1194,137,24,1,0.31,2021-01-29 04:28:29,5,264.73,241.21,23.52
1195,240,65,5,0.39,2023-05-04 08:03:31,2,1190.96,1383.85,-192.89
1196,41,73,4,0.18,2022-11-22 02:15:32,3,513.16,281.04,232.12
1197,252,75,4,0.14,2021-09-19 06:12:12,1,318.2,170.68,147.52
1198,71,19,2,0.15,2023-07-13 11:00:56,6,126.14,105.82,20.32
1199,42,49,4,0.05,2023-11-12 10:40:52,4,322.35,178.76,143.59
1200,210,13,1,0.12,2020-12-11 19:14:04,6,347.19,249.51,97.68
1201,233,57,4,0.03,2023-12-01 11:16:35,4,714.31,422.72,291.59
1202,182,34,3,0.17,2020-01-04 12:33:22,1,300.79,225.27,75.52
1203,35,58,2,0.07,2020-07-07 16:57:29,3,90.01,77.12,12.89
1204,35,55,4,0.14,2020-03-04 00:51:55,3,530.62,287.44,243.18
1205,118,80,4,0.32,2021-06-20 20:41:30,1,858.21,661.48,196.73
1206,136,40,3,0.1,2023-09-29 23:51:35,6,1061.18,834.15,227.03
1207,300,28,1,0.24,2022-05-26 11:15:51,6,118.15,94.56,23.59
1208,86,43,1,0.36,2022-06-19 04:55:58,4,261.08,200.74,60.34
1209,58,14,5,0.23,2020-05-03 20:43:00,4,1286.29,900.0,386.29
1210,284,9,2,0.08,2022-01-23 12:55:32,5,630.83,302.64,328.19
1211,47,42,2,0.14,2021-07-12 16:14:55,5,354.6,316.0,38.6
1212,8,67,4,0.24,2021-11-30 22:56:33,1,691.39,499.84,191.55
1213,127,43,2,0.2,2021-01-16 07:28:11,4,652.7,401.48,251.22
1214,121,63,2,0.06,2020-10-21 06:56:11,5,256.83,166.0,90.83
1215,186,15,4,0.18,2023-10-21 23:50:23,5,1161.32,901.24,260.08
1216,264,36,3,0.22,2022-03-26 06:54:07,4,337.64,289.56,48.08
1217,280,50,4,0.11,2021-08-23 21:58:02,6,900.75,790.6,110.15
1218,87,28,1,0.24,2020-04-17 18:14:40,4,118.15,94.56,23.59
1219,295,2,3,0.03,2023-01-18 11:59:12,3,1213.99,825.93,388.06
1220,190,6,3,0.13,2021-11-20 23:08:48,3,1052.77,723.15,329.62
1221,21,75,4,0.32,2021-07-18 14:09:21,5,251.6,170.68,80.92
1222,282,49,1,0.1,2022-08-31 17:50:47,6,76.35,44.69,31.66
1223,42,22,1,0.24,2020-07-11 10:41:41,2,181.02,142.03,38.99
1224,177,21,4,0.16,2022-02-17 11:14:46,2,1128.49,798.88,329.61
1225,238,4,4,0.13,2023-06-14 04:49:46,4,555.48,361.6,193.88
1226,75,76,5,0.37,2021-11-08 09:53:30,5,1351.41,1011.85,339.56
1227,82,9,2,0.14,2020-01-01 14:36:31,3,589.68,302.64,287.04
1228,143,61,5,0.09,2020-12-01 16:25:01,4,2069.11,1719.7,349.41
1229,266,20,2,0.36,2020-03-22 16:10:05,1,78.96,53.44,25.52
1230,68,27,4,0.3,2021-12-31 06:40:52,2,789.07,600.4,188.67
1231,200,22,1,0.27,2021-06-16 00:01:46,6,173.88,142.03,31.85
1232,136,66,5,0.02,2020-07-12 08:10:52,4,1763.31,1195.95,567.36
1233,34,3,2,0.05,2022-09-29 20:54:53,6,668.1,305.06,363.04
1234,214,29,5,0.26,2020-09-14 20:22:03,2,74.92,58.3,16.62
1235,250,23,2,0.08,2021-05-13 21:19:06,2,524.01,441.5,82.51
1236,173,22,4,0.09,2023-12-13 01:01:07,6,867.01,568.12,298.89
1237,53,16,3,0.31,2020-04-06 19:36:04,6,810.32,480.45,329.87
1238,47,73,1,0.11,2020-12-27 15:37:34,6,139.24,70.26,68.98
1239,128,31,1,0.03,2021-04-09 01:06:53,2,107.88,81.25,26.63
1240,152,34,4,0.01,2022-01-12 18:03:57,5,478.37,300.36,178.01
1241,166,31,1,0.18,2020-12-23 16:07:45,3,91.2,81.25,9.95
1242,74,79,2,0.25,2023-11-17 05:45:39,6,328.34,209.52,118.82
1243,151,28,3,0.35,2020-01-08 21:54:35,6,303.15,283.68,19.47
1244,89,28,2,0.04,2023-10-16 03:55:46,3,298.48,189.12,109.36
1245,206,27,1,0.08,2022-02-19 19:27:32,2,259.27,150.1,109.17
1246,239,27,4,0.21,2020-02-25 21:27:09,6,890.52,600.4,290.12
1247,196,8,4,0.15,2020-06-19 07:16:22,3,502.25,270.52,231.73
1248,1,49,4,0.19,2020-05-30 10:57:39,3,274.85,178.76,96.09
1249,298,3,5,0.37,2021-02-23 17:52:11,4,1107.63,762.65,344.98
1250,8,19,1,0.22,2021-05-01 06:31:04,6,57.88,52.91,4.97
1251,300,17,3,0.17,2022-07-25 03:17:29,1,578.08,545.64,32.44
1252,10,24,2,0.4,2021-03-30 08:27:03,6,460.4,482.42,-22.02
1253,155,61,5,0.03,2022-11-24 16:03:13,3,2205.54,1719.7,485.84
1254,32,48,3,0.37,2021-03-04 22:37:39,1,441.56,506.94,-65.38
1255,29,80,1,0.2,2021-01-19 15:29:06,2,252.42,165.37,87.05
1256,206,29,4,0.2,2021-02-06 00:40:59,3,64.8,46.64,18.16
1257,219,75,1,0.37,2021-04-25 14:56:46,5,58.28,42.67,15.61
1258,36,4,2,0.2,2023-05-08 02:24:11,4,255.39,180.8,74.59
1259,293,41,4,0.18,2020-12-26 11:41:58,1,1095.0,591.68,503.32
1260,97,64,3,0.11,2021-02-02 23:01:22,3,1294.26,765.45,528.81
1261,96,43,4,0.26,2023-10-29 01:22:35,2,1207.5,802.96,404.54
1262,90,75,3,0.23,2022-08-12 11:10:51,2,213.68,128.01,85.67
1263,139,26,5,0.09,2020-10-05 03:48:40,5,1269.54,707.0,562.54
1264,54,3,3,0.28,2023-06-21 12:59:05,5,759.52,457.59,301.93
1265,128,62,1,0.26,2020-09-24 10:38:54,1,260.01,266.11,-6.1
1266,63,6,1,0.16,2020-08-24 16:31:13,4,338.82,241.05,97.77
1267,16,62,4,0.0,2021-10-11 18:02:12,3,1405.44,1064.44,341.0
1268,111,59,1,0.18,2022-10-06 06:13:02,3,52.0,47.98,4.02
1269,202,68,2,0.0,2020-10-03 09:17:41,5,279.52,122.38,157.14
1270,229,39,1,0.03,2023-01-04 20:46:30,2,272.31,193.93,78.38
1271,107,72,2,0.17,2020-08-16 19:03:51,5,174.58,104.42,70.16
1272,98,14,3,0.03,2023-02-15 08:55:31,3,972.23,540.0,432.23
1273,237,35,1,0.11,2020-05-19 23:37:08,1,30.14,15.01,15.13
1274,205,10,3,0.26,2021-11-09 01:44:40,5,164.68,141.33,23.35
1275,250,62,5,0.12,2022-07-23 15:36:01,6,1545.98,1330.55,215.43
1276,272,58,1,0.4,2021-01-22 17:54:26,4,29.03,38.56,-9.53
1277,247,65,1,0.37,2022-06-12 15:21:43,5,246.0,276.77,-30.77
1278,281,62,2,0.23,2022-10-02 10:16:18,1,541.09,532.22,8.87
1279,125,25,5,0.39,2022-08-07 05:42:27,3,973.53,940.65,32.88
1280,119,6,3,0.35,2021-08-02 11:12:46,3,786.55,723.15,63.4
1281,97,75,4,0.13,2023-02-03 00:25:56,5,321.9,170.68,151.22
1282,71,40,1,0.3,2022-12-04 05:28:34,3,275.12,278.05,-2.93
1283,225,8,4,0.05,2021-04-21 11:35:05,5,561.34,270.52,290.82
1284,215,75,1,0.27,2022-12-06 19:00:33,2,67.52,42.67,24.85
1285,241,80,4,0.2,2023-09-02 21:34:03,4,1009.66,661.48,348.18
1286,51,36,1,0.01,2023-04-07 09:25:04,2,142.85,96.52,46.33
1287,148,62,5,0.11,2022-12-06 11:29:22,4,1563.55,1330.55,233.0
1288,67,3,2,0.38,2023-01-24 02:45:28,1,436.02,305.06,130.96
1289,268,8,1,0.13,2023-03-20 20:59:20,5,128.52,67.63,60.89
1290,81,23,2,0.07,2021-02-26 02:44:13,1,529.71,441.5,88.21
1291,44,53,1,0.08,2022-11-18 14:30:51,6,207.78,113.46,94.32
1292,171,11,1,0.19,2020-10-18 03:51:01,6,84.2,48.67,35.53
1293,264,3,3,0.34,2021-06-07 08:17:08,4,696.23,457.59,238.64
1294,275,54,2,0.3,2023-09-26 09:50:32,6,271.05,299.86,-28.81
1295,29,62,2,0.17,2021-02-17 05:27:30,5,583.26,532.22,51.04
1296,98,60,5,0.08,2023-05-16 16:31:36,1,2213.24,1682.65,530.59
1297,47,64,1,0.02,2021-09-08 20:59:53,5,475.05,255.15,219.9
1298,93,65,2,0.19,2020-11-02 09:37:35,3,632.58,553.54,79.04
1299,161,49,1,0.33,2020-05-21 15:56:37,6,56.84,44.69,12.15
1300,85,42,3,0.29,2022-03-11 09:37:05,6,439.12,474.0,-34.88
1301,21,69,2,0.16,2021-10-20 20:52:07,6,88.55,73.66,14.89
1302,154,28,1,0.24,2022-01-16 13:29:38,3,118.15,94.56,23.59
1303,16,8,1,0.17,2020-03-03 23:39:36,2,122.61,67.63,54.98
1304,69,61,5,0.23,2021-01-26 11:03:10,1,1750.79,1719.7,31.09
1305,1,23,1,0.21,2020-01-06 18:15:59,1,224.98,220.75,4.23
1306,27,79,4,0.27,2021-03-17 15:13:10,6,639.16,419.04,220.12
1307,131,34,5,0.2,2023-09-21 23:43:22,4,483.2,375.45,107.75
1308,256,69,3,0.38,2020-08-10 09:00:17,3,98.04,110.49,-12.45
1309,233,4,2,0.17,2022-10-03 10:21:48,3,264.97,180.8,84.17
1310,30,53,4,0.01,2020-01-09 10:31:55,2,894.37,453.84,440.53
1311,11,36,5,0.09,2022-03-31 07:07:01,4,656.52,482.6,173.92
1312,102,38,1,0.2,2023-09-06 13:36:47,3,266.12,220.8,45.32
1313,196,22,5,0.22,2021-05-13 00:12:55,5,928.94,710.15,218.79
1314,225,78,5,0.22,2020-10-14 20:32:02,1,1408.41,1353.9,54.51
1315,247,32,1,0.29,2022-04-12 23:39:07,6,147.13,157.17,-10.04
1316,103,69,1,0.11,2021-02-11 06:15:49,1,46.91,36.83,10.08
1317,51,35,4,0.27,2023-07-25 16:48:54,3,98.87,60.04,38.83
1318,8,4,1,0.28,2023-05-24 12:53:40,3,114.93,90.4,24.53
1319,45,71,4,0.16,2022-08-10 11:23:59,5,774.85,714.64,60.21
1320,20,15,1,0.16,2022-07-21 23:57:24,4,297.41,225.31,72.1
1321,259,22,4,0.07,2022-05-29 14:58:09,2,886.07,568.12,317.95
1322,81,69,2,0.17,2022-12-09 12:37:56,3,87.5,73.66,13.84
1323,247,72,1,0.31,2021-11-02 21:33:56,4,72.57,52.21,20.36
1324,166,74,1,0.36,2023-11-16 19:51:25,3,186.69,213.66,-26.97
1325,162,35,1,0.24,2021-05-19 17:13:26,1,25.73,15.01,10.72
1326,137,61,3,0.12,2020-01-14 01:12:26,2,1200.54,1031.82,168.72
1327,246,27,1,0.27,2022-10-16 21:05:27,4,205.72,150.1,55.62
1328,14,60,5,0.3,2022-08-24 20:26:48,2,1683.99,1682.65,1.34
1329,28,41,4,0.13,2023-12-03 05:34:19,4,1161.76,591.68,570.08
1330,128,5,2,0.33,2021-07-31 04:12:42,1,558.74,347.46,211.28
1331,119,34,5,0.03,2021-09-12 03:30:34,5,585.88,375.45,210.43
1332,164,38,4,0.0,2022-03-31 12:30:08,2,1330.6,883.2,447.4
1333,222,21,4,0.05,2021-07-26 14:52:13,4,1276.27,798.88,477.39
1334,177,30,1,0.06,2023-02-19 21:24:37,6,207.91,90.38,117.53
1335,78,41,4,0.35,2021-09-17 01:05:45,3,867.98,591.68,276.3
1336,99,4,3,0.17,2023-02-18 02:08:33,1,397.45,271.2,126.25
1337,226,13,5,0.11,2021-09-13 07:03:38,1,1755.66,1247.55,508.11
1338,61,62,3,0.17,2020-11-24 15:27:03,3,874.89,798.33,76.56
1339,152,29,4,0.16,2023-12-17 07:29:31,1,68.04,46.64,21.4
1340,162,49,2,0.12,2022-02-07 16:01:14,6,149.3,89.38,59.92
1341,226,46,1,0.06,2022-10-28 21:30:36,6,46.6,27.18,19.42
1342,215,45,1,0.26,2022-05-13 05:54:17,6,12.02,10.1,1.92
1343,140,34,5,0.05,2021-06-08 09:49:23,6,573.8,375.45,198.35
1344,93,39,4,0.31,2023-11-20 07:47:05,4,774.81,775.72,-0.91
1345,111,66,2,0.08,2021-06-26 09:26:35,2,662.14,478.38,183.76
1346,124,78,4,0.29,2023-12-20 21:58:01,3,1025.61,1083.12,-57.51
1347,66,21,1,0.32,2021-09-20 23:07:27,2,228.38,199.72,28.66
1348,188,54,1,0.05,2020-02-03 01:37:15,6,183.93,149.93,34.0
1349,63,78,3,0.03,2020-02-23 14:23:42,3,1050.89,812.34,238.55
1350,195,1,4,0.38,2023-11-22 12:57:29,3,549.05,561.12,-12.07
1351,226,63,5,0.19,2022-02-09 14:41:12,5,553.27,415.0,138.27
1352,289,40,4,0.25,2021-07-19 22:46:11,3,1179.09,1112.2,66.89
1353,36,78,2,0.01,2023-03-30 14:47:18,3,715.04,541.56,173.48
1354,228,47,5,0.11,2022-06-20 00:54:38,2,1613.44,1326.85,286.59
1355,26,68,3,0.2,2022-08-22 10:17:43,1,335.42,183.57,151.85
1356,102,14,5,0.35,2022-09-27 18:07:54,1,1085.82,900.0,185.82
1357,53,12,1,0.11,2020-10-16 16:39:59,3,7.69,6.65,1.04
1358,49,75,1,0.31,2020-05-08 20:56:45,6,63.82,42.67,21.15
1359,53,43,1,0.26,2022-11-28 22:19:11,2,301.88,200.74,101.14
1360,14,45,5,0.05,2020-02-01 20:10:34,4,77.14,50.5,26.64
1361,247,14,1,0.12,2022-11-16 09:49:46,2,294.01,180.0,114.01
1362,19,19,5,0.1,2020-07-08 16:53:01,2,333.9,264.55,69.35
1363,120,66,4,0.18,2021-01-18 07:22:26,1,1180.34,956.76,223.58
1364,210,25,1,0.25,2022-10-30 07:51:29,4,239.39,188.13,51.26
1365,298,47,5,0.17,2022-06-28 09:31:40,4,1504.67,1326.85,177.82
1366,257,26,1,0.1,2023-02-15 01:02:41,3,251.12,141.4,109.72
1367,42,22,1,0.28,2022-06-10 23:39:14,4,171.5,142.03,29.47
1368,297,14,3,0.23,2020-03-10 20:38:08,3,771.77,540.0,231.77
1369,197,75,2,0.21,2023-05-11 02:09:30,2,146.15,85.34,60.81
1370,54,76,2,0.22,2020-11-10 23:41:06,5,669.27,404.74,264.53
1371,135,10,1,0.09,2020-07-17 15:58:25,4,67.5,47.11,20.39
1372,276,29,4,0.27,2023-07-06 16:00:23,1,59.13,46.64,12.49
1373,118,46,1,0.16,2020-10-11 11:08:28,3,41.64,27.18,14.46
1374,56,31,2,0.15,2022-02-21 15:58:26,3,189.07,162.5,26.57
1375,263,58,3,0.06,2021-12-10 12:22:17,5,136.46,115.68,20.78
1376,286,21,3,0.24,2023-01-28 11:36:44,2,765.76,599.16,166.6
1377,293,5,4,0.24,2020-03-05 10:50:45,6,1267.59,694.92,572.67
1378,287,27,2,0.14,2020-06-04 18:28:02,4,484.71,300.2,184.51
1379,262,48,4,0.34,2021-08-29 18:25:14,1,616.78,675.92,-59.14
1380,137,15,4,0.34,2021-11-21 23:06:24,3,934.72,901.24,33.48
1381,58,66,2,0.04,2023-02-24 19:11:42,6,690.93,478.38,212.55
1382,186,1,2,0.28,2022-06-03 08:50:51,2,318.8,280.56,38.24
1383,67,6,3,0.16,2020-08-05 02:57:08,5,1016.47,723.15,293.32
1384,142,41,3,0.4,2023-11-30 04:00:22,5,600.91,443.76,157.15
1385,197,41,1,0.09,2021-11-02 12:36:13,5,303.79,147.92,155.87
1386,284,24,3,0.11,2023-11-09 07:16:16,1,1024.4,723.63,300.77
1387,87,21,1,0.18,2023-12-16 01:30:50,3,275.41,199.72,75.69
1388,76,6,3,0.11,2020-03-16 10:38:54,3,1076.97,723.15,353.82
1389,221,54,5,0.28,2022-01-08 15:26:14,3,697.0,749.65,-52.65
1390,2,31,3,0.19,2021-09-08 04:05:57,6,270.26,243.75,26.51
1391,170,10,4,0.09,2021-12-28 13:16:00,1,270.02,188.44,81.58
1392,224,32,2,0.2,2021-03-28 12:18:06,4,331.55,314.34,17.21
1393,166,75,5,0.36,2022-03-26 20:07:37,6,296.0,213.35,82.65
1394,116,21,5,0.32,2021-12-19 14:33:20,6,1141.92,998.6,143.32
1395,249,72,5,0.2,2020-09-28 13:35:35,4,420.68,261.05,159.63
1396,112,21,4,0.12,2021-02-25 05:26:36,6,1182.23,798.88,383.35
1397,214,15,4,0.07,2020-08-02 20:37:20,3,1317.1,901.24,415.86
1398,140,21,3,0.35,2023-05-16 15:45:57,4,654.93,599.16,55.77
1399,8,26,5,0.28,2022-09-15 22:30:22,4,1004.47,707.0,297.47
1400,160,10,5,0.23,2021-07-19 19:07:11,1,285.59,235.55,50.04
1401,15,48,3,0.35,2021-07-31 19:40:08,1,455.58,506.94,-51.36
1402,280,27,1,0.05,2020-04-25 11:38:14,6,267.72,150.1,117.62
1403,181,58,1,0.27,2021-02-27 06:19:41,2,35.32,38.56,-3.24
1404,112,40,2,0.09,2023-09-11 15:45:35,3,715.31,556.1,159.21
1405,146,36,1,0.05,2020-02-15 19:57:44,4,137.08,96.52,40.56
1406,186,38,2,0.19,2020-08-01 08:08:45,4,538.89,441.6,97.29
1407,79,13,1,0.15,2023-05-20 05:36:33,4,335.35,249.51,85.84
1408,87,58,5,0.38,2022-01-29 16:17:41,6,150.01,192.8,-42.79
1409,126,9,1,0.13,2020-02-17 04:48:12,5,298.27,151.32,146.95
1410,78,58,4,0.33,2021-12-16 01:25:33,6,129.69,154.24,-24.55
1411,228,80,2,0.3,2022-12-30 23:24:31,4,441.73,330.74,110.99
1412,32,62,1,0.27,2021-05-18 19:19:30,6,256.49,266.11,-9.62
1413,248,37,4,0.37,2021-07-11 16:52:44,4,378.83,308.16,70.67
1414,105,26,5,0.16,2022-07-10 17:22:39,4,1171.88,707.0,464.88
1415,169,70,4,0.16,2022-05-24 02:01:15,5,1518.01,912.6,605.41
1416,48,21,5,0.06,2023-08-11 06:04:18,6,1578.54,998.6,579.94
1417,116,39,3,0.11,2020-12-27 14:38:13,1,749.55,581.79,167.76
1418,227,62,4,0.35,2021-02-07 01:29:37,6,913.54,1064.44,-150.9
1419,82,74,1,0.19,2020-08-14 21:12:15,5,236.29,213.66,22.63
1420,40,74,5,0.14,2022-08-28 18:48:21,6,1254.35,1068.3,186.05
1421,157,8,4,0.09,2022-02-17 17:54:55,5,537.7,270.52,267.18
1422,49,72,2,0.19,2021-05-21 13:10:35,6,170.38,104.42,65.96
1423,95,10,2,0.29,2022-10-12 14:26:38,2,105.34,94.22,11.12
1424,136,47,4,0.11,2021-07-03 23:06:34,2,1290.75,1061.48,229.27
1425,170,75,1,0.3,2020-10-12 10:05:06,2,64.75,42.67,22.08
1426,192,53,5,0.25,2022-02-27 04:13:34,2,846.94,567.3,279.64
1427,203,76,2,0.32,2021-09-29 02:01:03,2,583.47,404.74,178.73
1428,254,28,1,0.1,2021-08-14 21:04:59,3,139.91,94.56,45.35
1429,20,26,2,0.25,2021-10-11 04:42:36,2,418.53,282.8,135.73
1430,109,27,5,0.06,2023-08-27 17:37:41,1,1324.51,750.5,574.01
1431,1,29,2,0.15,2020-11-11 07:54:33,4,34.42,23.32,11.1
1432,3,55,3,0.29,2021-02-06 16:28:31,5,328.55,215.58,112.97
1433,64,37,5,0.25,2022-04-04 23:19:57,1,563.74,385.2,178.54
1434,180,59,1,0.08,2020-03-09 04:30:10,4,58.34,47.98,10.36
1435,269,34,4,0.34,2020-08-01 01:35:11,4,318.91,300.36,18.55
1436,233,25,2,0.02,2022-04-06 20:27:24,5,625.61,376.26,249.35
1437,194,16,4,0.24,2022-01-14 05:36:39,1,1190.04,640.6,549.44
1438,234,45,1,0.39,2022-08-11 02:49:14,5,9.91,10.1,-0.19
1439,52,72,1,0.21,2020-06-14 14:38:24,1,83.08,52.21,30.87
1440,252,69,4,0.32,2023-05-31 15:49:29,2,143.37,147.32,-3.95
1441,268,21,5,0.24,2021-12-09 21:24:21,2,1276.27,998.6,277.67
1442,29,39,5,0.31,2020-08-14 08:07:32,6,968.52,969.65,-1.13
1443,141,57,4,0.26,2021-03-30 22:25:51,2,544.94,422.72,122.22
1444,250,49,3,0.28,2020-11-28 02:05:03,5,183.23,134.07,49.16
1445,143,6,1,0.09,2021-10-22 06:42:36,6,367.06,241.05,126.01
1446,253,48,2,0.3,2021-11-16 07:08:48,6,327.08,337.96,-10.88
1447,281,4,4,0.1,2021-09-25 06:34:39,2,574.63,361.6,213.03
1448,143,10,2,0.39,2021-11-04 01:42:36,1,90.5,94.22,-3.72
1449,18,53,3,0.09,2023-08-18 13:58:35,2,616.57,340.38,276.19
1450,103,9,1,0.09,2023-11-01 08:30:20,5,311.98,151.32,160.66
1451,65,28,3,0.34,2021-12-16 07:20:36,2,307.81,283.68,24.13
1452,143,48,2,0.1,2023-11-07 00:20:12,4,420.53,337.96,82.57
1453,176,53,1,0.14,2023-04-10 00:12:05,3,194.23,113.46,80.77
1454,140,36,1,0.29,2023-04-12 03:22:49,5,102.45,96.52,5.93
1455,59,8,3,0.06,2020-11-25 10:51:35,4,416.57,202.89,213.68
1456,91,64,2,0.06,2021-10-02 02:27:16,4,911.31,510.3,401.01
1457,204,76,1,0.19,2021-05-29 00:58:52,5,347.51,202.37,145.14
1458,9,72,3,0.1,2020-05-20 19:38:54,6,283.96,156.63,127.33
1459,65,60,1,0.09,2020-04-19 15:07:54,3,437.84,336.53,101.31
1460,268,33,1,0.0,2022-06-27 18:03:52,4,427.43,194.95,232.48
1461,30,71,1,0.15,2021-09-06 07:00:09,4,196.02,178.66,17.36
1462,125,40,3,0.13,2023-04-20 13:17:59,5,1025.81,834.15,191.66
1463,63,11,5,0.01,2022-09-03 07:14:38,3,514.55,243.35,271.2
1464,32,69,2,0.25,2020-05-04 08:28:06,3,79.06,73.66,5.4
1465,127,26,2,0.25,2023-05-08 17:22:22,6,418.53,282.8,135.73
1466,157,76,2,0.03,2022-04-06 05:39:30,6,832.3,404.74,427.56
1467,53,30,2,0.13,2023-11-10 21:38:15,4,384.85,180.76,204.09
1468,24,70,4,0.35,2022-07-23 12:08:46,1,1174.65,912.6,262.05
1469,41,43,2,0.23,2020-02-02 12:54:12,2,628.23,401.48,226.75
1470,196,38,4,0.16,2020-09-15 19:26:18,3,1117.7,883.2,234.5
1471,259,24,5,0.19,2021-09-14 11:14:07,5,1553.86,1206.05,347.81
1472,55,67,5,0.08,2020-02-24 07:41:58,5,1046.18,624.8,421.38
1473,97,5,3,0.32,2020-09-01 12:14:20,5,850.62,521.19,329.43
1474,104,38,4,0.37,2023-03-01 20:45:09,1,838.28,883.2,-44.92
1475,109,30,5,0.36,2020-07-27 11:19:54,3,707.78,451.9,255.88
1476,74,44,4,0.09,2020-08-31 21:01:07,5,319.05,145.48,173.57
1477,17,21,2,0.12,2022-01-06 20:03:22,6,591.11,399.44,191.67
1478,158,54,1,0.06,2020-05-13 02:34:49,1,181.99,149.93,32.06
1479,108,31,1,0.12,2021-01-08 07:10:25,6,97.87,81.25,16.62
1480,103,16,5,0.13,2023-09-30 20:11:01,1,1702.85,800.75,902.1
1481,80,16,3,0.25,2022-07-10 22:49:38,2,880.78,480.45,400.33
1482,279,56,2,0.08,2023-11-07 17:47:18,6,583.26,264.98,318.28
1483,184,21,2,0.37,2021-06-01 04:55:23,5,423.18,399.44,23.74
1484,126,25,2,0.04,2022-06-18 17:39:19,6,612.84,376.26,236.58
1485,62,51,5,0.0,2020-12-14 07:07:38,4,401.95,207.55,194.4
1486,241,27,4,0.34,2021-07-06 19:27:00,4,743.98,600.4,143.58
1487,267,32,5,0.28,2020-09-11 23:56:28,4,745.99,785.85,-39.86
1488,10,20,2,0.14,2023-05-01 12:42:48,4,106.11,53.44,52.67
1489,279,28,3,0.24,2020-09-25 16:59:32,4,354.45,283.68,70.77
1490,210,56,1,0.09,2020-10-25 21:23:14,2,288.46,132.49,155.97
1491,30,43,5,0.07,2021-11-08 03:49:59,6,1896.92,1003.7,893.22
1492,226,80,3,0.19,2021-09-18 21:54:25,3,766.71,496.11,270.6
1493,33,62,3,0.14,2021-04-03 04:53:52,4,906.51,798.33,108.18
1494,16,2,3,0.25,2021-06-05 05:53:10,5,938.66,825.93,112.73
1495,35,31,2,0.09,2021-03-06 17:41:19,4,202.42,162.5,39.92
1496,138,24,5,0.27,2023-08-25 13:00:27,4,1400.4,1206.05,194.35
1497,186,48,3,0.31,2022-04-27 08:17:18,1,483.61,506.94,-23.33
1498,123,22,4,0.07,2023-09-04 21:00:02,2,886.07,568.12,317.95
1499,37,78,1,0.02,2023-12-11 17:55:42,3,353.91,270.78,83.13
1500,60,24,2,0.18,2022-08-08 07:02:34,3,629.22,482.42,146.8
1501,256,42,5,0.31,2023-04-20 11:16:42,6,711.25,790.0,-78.75
1502,289,10,1,0.26,2020-06-10 16:20:04,6,54.89,47.11,7.78
1503,227,73,1,0.28,2023-10-18 03:33:20,5,112.64,70.26,42.38
1504,32,73,5,0.16,2021-12-05 00:02:07,3,657.09,351.3,305.79
1505,246,64,2,0.09,2022-11-07 14:45:14,1,882.23,510.3,371.93
1506,208,29,2,0.21,2020-12-24 04:18:21,5,32.0,23.32,8.68
1507,158,5,3,0.08,2020-05-19 10:21:41,6,1150.84,521.19,629.65
1508,43,57,1,0.29,2023-07-15 23:26:41,3,130.71,105.68,25.03
1509,300,35,1,0.08,2021-10-18 04:40:25,5,31.15,15.01,16.14
1510,133,80,1,0.12,2020-07-21 01:38:02,6,277.66,165.37,112.29
1511,14,56,1,0.2,2022-08-19 09:00:56,4,253.59,132.49,121.1
1512,63,44,1,0.19,2020-03-20 07:01:55,2,71.0,36.37,34.63
1513,121,79,4,0.24,2021-10-19 16:34:44,1,665.43,419.04,246.39
1514,19,65,2,0.17,2022-10-25 11:11:35,5,648.2,553.54,94.66
1515,98,37,1,0.37,2022-11-17 19:32:46,4,94.71,77.04,17.67
1516,141,2,1,0.34,2021-10-23 19:08:38,1,275.34,275.31,0.03
1517,285,8,3,0.35,2021-06-24 03:32:09,1,288.05,202.89,85.16
1518,26,36,5,0.25,2023-05-09 00:18:20,6,541.09,482.6,58.49
1519,174,45,2,0.25,2020-09-26 17:10:13,2,24.36,20.2,4.16
1520,275,3,1,0.24,2020-04-18 23:01:20,2,267.24,152.53,114.71
1521,242,11,2,0.17,2020-08-16 23:46:21,4,172.56,97.34,75.22
1522,278,57,3,0.13,2023-03-15 13:42:27,3,480.5,317.04,163.46
1523,52,61,1,0.24,2021-11-17 01:24:14,6,345.61,343.94,1.67
1524,241,3,5,0.01,2020-02-24 12:12:35,5,1740.57,762.65,977.92
1525,294,41,4,0.0,2020-09-03 09:54:27,3,1335.36,591.68,743.68
1526,98,7,2,0.34,2020-02-10 23:34:23,2,259.78,209.38,50.4
1527,150,58,5,0.02,2023-04-04 01:33:14,6,237.11,192.8,44.31
1528,160,67,2,0.21,2021-11-04 12:30:14,4,359.34,249.92,109.42
1529,149,70,1,0.25,2020-04-09 08:53:44,6,338.84,228.15,110.69
1530,87,48,5,0.08,2020-11-19 02:02:48,3,1074.7,844.9,229.8
1531,292,51,5,0.36,2022-06-19 00:35:11,1,257.25,207.55,49.7
1532,287,75,2,0.08,2022-05-16 19:54:12,6,170.2,85.34,84.86
1533,115,49,3,0.35,2023-04-11 03:49:32,2,165.42,134.07,31.35
1534,242,36,1,0.31,2020-02-07 16:37:38,6,99.56,96.52,3.04
1535,120,61,4,0.1,2020-04-11 07:46:06,5,1637.1,1375.76,261.34
1536,239,48,4,0.06,2020-02-21 16:02:58,2,878.45,675.92,202.53
1537,176,68,4,0.13,2021-07-29 08:03:15,5,486.36,244.76,241.6
1538,142,42,3,0.16,2022-11-27 15:16:59,1,519.52,474.0,45.52
1539,39,70,4,0.1,2022-08-25 23:40:28,3,1626.44,912.6,713.84
1540,197,4,3,0.4,2020-11-02 20:11:14,3,287.32,271.2,16.12
1541,97,3,5,0.09,2022-08-17 13:39:01,4,1599.92,762.65,837.27
1542,66,8,1,0.33,2022-08-16 08:51:21,4,98.97,67.63,31.34
1543,58,45,3,0.06,2020-10-06 10:15:12,4,45.8,30.3,15.5
1544,295,57,3,0.39,2022-12-30 21:16:21,3,336.9,317.04,19.86
1545,31,18,3,0.09,2021-09-08 13:05:27,5,782.23,509.67,272.56
1546,240,13,1,0.17,2020-03-27 14:57:50,1,327.46,249.51,77.95
1547,260,69,2,0.22,2021-07-24 05:57:11,5,82.23,73.66,8.57
1548,10,61,5,0.05,2023-01-28 20:10:42,1,2160.06,1719.7,440.36
1549,177,52,1,0.33,2022-10-13 11:15:37,1,234.29,211.91,22.38
1550,174,40,4,0.11,2021-01-26 21:28:46,5,1399.19,1112.2,286.99
1551,108,34,4,0.22,2023-01-10 01:50:46,1,376.9,300.36,76.54
1552,201,2,3,0.22,2021-07-22 17:41:25,5,976.2,825.93,150.27
1553,123,16,1,0.24,2021-11-02 22:50:08,1,297.51,160.15,137.36
1554,132,72,1,0.02,2020-05-06 11:50:14,1,103.07,52.21,50.86
1555,130,28,2,0.07,2023-12-26 17:12:49,6,289.16,189.12,100.04
1556,241,57,1,0.06,2023-05-09 09:35:40,2,173.05,105.68,67.37
1557,190,57,1,0.12,2020-10-11 14:17:47,6,162.01,105.68,56.33
1558,114,25,1,0.06,2022-03-29 15:56:12,3,300.04,188.13,111.91
1559,279,17,1,0.37,2023-02-13 07:44:26,5,146.26,181.88,-35.62
1560,241,56,5,0.21,2022-01-06 19:28:16,6,1252.11,662.45,589.66
1561,280,8,4,0.25,2020-11-03 18:25:42,1,443.16,270.52,172.64
1562,220,40,1,0.14,2023-11-15 02:09:38,2,338.01,278.05,59.96
1563,118,72,4,0.11,2021-01-27 11:02:12,4,374.41,208.84,165.57
1564,232,57,1,0.2,2021-05-03 09:04:54,6,147.28,105.68,41.6
1565,99,62,3,0.12,2021-06-26 13:43:56,2,927.59,798.33,129.26
1566,82,7,1,0.14,2023-07-24 12:54:22,2,169.25,104.69,64.56
1567,136,16,1,0.18,2021-12-31 00:27:24,3,321.0,160.15,160.85
1568,291,23,1,0.2,2022-11-16 17:51:48,2,227.83,220.75,7.08
1569,171,24,3,0.39,2023-08-08 18:27:03,2,702.12,723.63,-21.51
1570,116,16,3,0.09,2023-09-17 15:37:33,1,1068.69,480.45,588.24
1571,139,78,2,0.2,2023-06-04 09:21:21,5,577.81,541.56,36.25
1572,88,14,4,0.06,2023-08-18 09:23:02,5,1256.22,720.0,536.22
1573,198,57,4,0.14,2023-10-16 09:49:23,1,633.3,422.72,210.58
1574,106,47,4,0.29,2023-12-17 21:41:03,4,1029.7,1061.48,-31.78
1575,167,49,3,0.07,2022-07-27 21:59:35,4,236.68,134.07,102.61
1576,111,18,3,0.23,2020-07-11 05:57:12,4,661.88,509.67,152.21
1577,97,25,3,0.17,2020-06-14 10:31:02,6,794.78,564.39,230.39
1578,292,49,2,0.02,2023-03-08 04:24:51,4,166.27,89.38,76.89
1579,104,24,3,0.37,2021-04-06 13:38:01,5,725.14,723.63,1.51
1580,22,56,1,0.17,2023-03-20 13:28:55,1,263.1,132.49,130.61
1581,114,4,5,0.31,2023-09-26 17:08:29,1,550.69,452.0,98.69
1582,160,6,2,0.17,2022-07-29 18:50:54,4,669.58,482.1,187.48
1583,29,59,4,0.37,2023-01-20 21:03:47,6,159.79,191.92,-32.13
1584,92,50,5,0.12,2021-02-11 03:17:16,3,1113.29,988.25,125.04
1585,50,4,3,0.16,2021-09-26 10:13:12,4,402.24,271.2,131.04
1586,151,72,5,0.3,2023-11-10 02:47:43,2,368.1,261.05,107.05
1587,217,1,3,0.14,2023-04-07 14:31:26,3,571.19,420.84,150.35
1588,291,77,1,0.15,2020-10-25 10:57:06,5,323.4,243.41,79.99
1589,117,59,1,0.4,2023-09-29 00:43:03,4,38.05,47.98,-9.93
1590,259,80,1,0.22,2021-12-30 09:07:16,1,246.11,165.37,80.74
1591,65,76,5,0.28,2023-05-17 01:07:34,6,1544.47,1011.85,532.62
1592,235,26,3,0.26,2022-01-31 08:54:30,6,619.42,424.2,195.22
1593,169,61,2,0.33,2022-05-31 16:26:12,3,609.36,687.88,-78.52
1594,228,17,3,0.34,2020-08-24 06:30:00,3,459.68,545.64,-85.96
1595,227,38,2,0.23,2021-05-09 10:47:57,4,512.28,441.6,70.68
1596,160,20,5,0.12,2022-11-20 21:24:35,5,271.44,133.6,137.84
1597,78,39,5,0.01,2023-05-14 21:26:49,3,1389.61,969.65,419.96
1598,158,70,1,0.25,2020-05-09 17:54:19,1,338.84,228.15,110.69
1599,249,35,4,0.33,2020-04-22 05:20:00,1,90.74,60.04,30.7
1600,292,8,2,0.18,2022-10-08 22:08:46,5,242.26,135.26,107.0
1601,279,26,1,0.07,2021-10-14 18:12:57,5,259.49,141.4,118.09
1602,55,63,5,0.12,2023-05-23 23:29:13,5,601.08,415.0,186.08
1603,180,42,1,0.2,2020-04-09 14:26:23,1,164.93,158.0,6.93
1604,32,45,2,0.33,2021-05-25 02:51:02,2,21.76,20.2,1.56
1605,201,35,1,0.07,2020-02-21 17:50:13,3,31.49,15.01,16.48
1606,298,24,3,0.24,2022-11-01 18:06:18,2,874.77,723.63,151.14
1607,16,48,3,0.3,2023-06-06 11:09:41,3,490.62,506.94,-16.32
1608,197,51,2,0.37,2020-08-16 21:21:40,4,101.29,83.02,18.27
1609,284,72,1,0.05,2021-04-17 23:55:52,2,99.91,52.21,47.7
1610,255,50,1,0.37,2023-05-20 02:03:10,1,159.4,197.65,-38.25
1611,118,80,5,0.24,2020-03-01 11:43:44,3,1198.98,826.85,372.13
1612,32,67,5,0.31,2023-10-21 23:11:26,5,784.63,624.8,159.83
1613,278,7,5,0.02,2023-07-19 00:07:13,4,964.32,523.45,440.87
1614,277,32,3,0.2,2020-08-10 22:23:13,2,497.33,471.51,25.82
1615,174,31,3,0.25,2020-07-21 20:07:01,2,250.24,243.75,6.49
1616,294,1,4,0.12,2022-10-07 02:45:21,4,779.29,561.12,218.17
1617,2,15,4,0.17,2020-01-15 17:47:33,2,1175.48,901.24,274.24
1618,185,61,3,0.22,2022-01-08 12:19:17,6,1064.12,1031.82,32.3
1619,12,29,2,0.22,2020-04-06 05:46:08,6,31.59,23.32,8.27
1620,281,12,3,0.02,2022-02-14 23:44:11,1,25.4,19.95,5.45
1621,205,23,1,0.18,2021-05-26 06:58:12,6,233.53,220.75,12.78
1622,275,22,1,0.09,2022-10-28 11:23:59,1,216.75,142.03,74.72
1623,169,14,4,0.37,2023-07-09 19:59:57,3,841.93,720.0,121.93
1624,25,9,5,0.39,2021-12-14 13:28:01,5,1045.66,756.6,289.06
1625,8,62,1,0.12,2022-07-25 23:35:16,2,309.2,266.11,43.09
1626,101,66,1,0.07,2022-05-26 11:26:12,2,334.67,239.19,95.48
1627,224,40,1,0.09,2023-12-08 23:49:08,1,357.66,278.05,79.61
1628,46,50,4,0.19,2020-12-03 02:46:18,5,819.78,790.6,29.18
1629,256,74,2,0.35,2020-12-14 20:18:10,1,379.22,427.32,-48.1
1630,72,68,2,0.2,2021-07-06 14:52:16,3,223.62,122.38,101.24
1631,149,3,1,0.02,2022-12-11 13:42:46,3,344.6,152.53,192.07
1632,61,77,5,0.02,2023-06-17 06:01:18,6,1864.3,1217.05,647.25
1633,140,6,3,0.09,2021-02-09 23:46:09,6,1101.17,723.15,378.02
1634,136,3,4,0.34,2020-06-09 10:59:02,5,928.3,610.12,318.18
1635,2,33,4,0.25,2022-06-07 15:06:10,5,1282.29,779.8,502.49
1636,171,60,1,0.23,2022-05-22 11:02:13,4,370.48,336.53,33.95
1637,236,7,5,0.13,2021-07-01 03:57:10,3,856.08,523.45,332.63
1638,281,24,3,0.37,2020-09-26 01:25:07,1,725.14,723.63,1.51
1639,100,22,4,0.13,2023-05-25 19:31:49,6,828.9,568.12,260.78
1640,265,32,2,0.33,2023-05-20 22:44:51,3,277.67,314.34,-36.67
1641,264,79,5,0.36,2022-12-27 09:26:54,3,700.45,523.8,176.65
1642,297,27,5,0.19,2022-04-25 09:42:00,1,1141.33,750.5,390.83
1643,112,17,3,0.36,2021-01-16 16:22:44,2,445.75,545.64,-99.89
1644,256,10,1,0.11,2021-08-11 10:49:45,4,66.02,47.11,18.91
1645,170,16,5,0.26,2020-04-09 21:49:22,3,1448.4,800.75,647.65
1646,18,11,5,0.04,2020-12-30 17:51:23,4,498.96,243.35,255.61
1647,82,46,3,0.19,2021-10-19 15:20:09,2,120.46,81.54,38.92
1648,202,34,3,0.09,2021-09-29 19:02:17,1,329.78,225.27,104.51
1649,49,40,2,0.03,2020-04-27 08:22:58,6,762.48,556.1,206.38
1650,131,67,1,0.0,2023-10-30 02:44:09,3,227.43,124.96,102.47
1651,233,47,5,0.13,2021-01-26 15:05:28,3,1577.18,1326.85,250.33
1652,45,13,3,0.24,2022-01-13 10:41:36,2,899.53,748.53,151.0
1653,149,31,2,0.18,2021-11-10 06:32:39,4,182.4,162.5,19.9
1654,65,26,4,0.12,2021-11-16 10:54:47,4,982.15,565.6,416.55
1655,161,67,1,0.4,2023-05-18 17:53:07,3,136.46,124.96,11.5
1656,73,25,1,0.38,2022-12-25 13:26:03,6,197.9,188.13,9.77
1657,290,12,2,0.05,2023-06-20 17:56:07,6,16.42,13.3,3.12
1658,24,59,3,0.17,2021-07-07 09:48:33,2,157.89,143.94,13.95
1659,290,35,2,0.26,2021-01-22 02:59:22,4,50.11,30.02,20.09
1660,238,8,1,0.29,2021-09-16 00:56:06,6,104.88,67.63,37.25
1661,257,56,2,0.15,2022-03-30 18:38:11,3,538.88,264.98,273.9
1662,256,17,2,0.3,2021-05-06 22:38:54,1,325.02,363.76,-38.74
1663,57,70,3,0.05,2021-11-02 16:25:50,1,1287.6,684.45,603.15
1664,280,67,3,0.13,2020-08-08 08:13:41,5,593.59,374.88,218.71
1665,179,30,5,0.29,2022-05-02 09:52:48,6,785.19,451.9,333.29
1666,289,45,5,0.25,2022-11-08 03:52:29,1,60.9,50.5,10.4
1667,264,46,2,0.33,2022-02-08 15:34:27,4,66.42,54.36,12.06
1668,174,53,5,0.02,2023-06-28 15:00:11,3,1106.66,567.3,539.36
1669,113,6,3,0.07,2023-12-24 16:32:50,2,1125.37,723.15,402.22
1670,36,26,1,0.02,2023-08-15 03:57:59,4,273.44,141.4,132.04
1671,31,14,2,0.08,2020-05-15 17:57:00,6,614.74,360.0,254.74
1672,117,56,4,0.0,2023-07-09 23:20:05,2,1267.96,529.96,738.0
1673,244,6,5,0.2,2021-05-02 05:00:54,1,1613.44,1205.25,408.19
1674,152,42,2,0.21,2021-10-21 14:30:15,3,325.73,316.0,9.73
1675,145,59,1,0.26,2021-08-24 11:43:57,2,46.92,47.98,-1.06
1676,74,76,1,0.15,2021-02-18 17:40:45,5,364.67,202.37,162.3
1677,170,24,1,0.0,2023-07-04 18:07:53,4,383.67,241.21,142.46
1678,192,1,4,0.27,2022-07-20 08:50:53,1,646.46,561.12,85.34
1679,295,58,3,0.02,2023-11-12 18:31:56,3,142.27,115.68,26.59
1680,219,1,3,0.35,2023-10-25 20:51:36,5,431.71,420.84,10.87
1681,183,6,4,0.01,2021-09-04 20:25:51,3,1597.31,964.2,633.11
1682,274,80,5,0.21,2022-11-27 11:51:16,4,1246.3,826.85,419.45
1683,128,70,4,0.36,2022-01-03 10:50:47,2,1156.58,912.6,243.98
1684,281,57,1,0.23,2021-12-23 11:29:36,2,141.76,105.68,36.08
1685,111,67,3,0.24,2022-12-15 20:57:54,1,518.54,374.88,143.66
1686,39,7,5,0.27,2022-10-02 15:51:08,1,718.32,523.45,194.87
1687,126,8,4,0.05,2023-08-24 03:35:15,1,561.34,270.52,290.82
1688,39,25,2,0.27,2023-02-01 21:43:42,4,466.02,376.26,89.76
1689,36,2,2,0.35,2022-06-27 07:50:10,1,542.33,550.62,-8.29
1690,265,72,5,0.39,2023-09-04 03:11:41,4,320.77,261.05,59.72
1691,239,5,1,0.18,2020-05-29 11:32:59,6,341.92,173.73,168.19
1692,67,44,3,0.14,2023-01-19 07:04:48,5,226.14,109.11,117.03
1693,252,69,1,0.3,2021-07-26 17:36:02,4,36.9,36.83,0.07
1694,21,59,5,0.22,2021-09-24 10:59:49,1,247.3,239.9,7.4
1695,86,19,1,0.1,2023-02-15 05:53:05,3,66.78,52.91,13.87
1696,212,38,1,0.07,2021-02-03 11:10:20,6,309.36,220.8,88.56
1697,92,44,2,0.07,2023-07-14 02:27:05,3,163.03,72.74,90.29
1698,220,62,2,0.18,2021-12-30 19:51:12,5,576.23,532.22,44.01
1699,263,35,3,0.07,2021-05-24 12:59:44,5,94.47,45.03,49.44
1700,20,23,2,0.01,2021-04-24 03:21:18,2,563.88,441.5,122.38
1701,8,64,2,0.02,2021-09-06 13:06:10,1,950.09,510.3,439.79
1702,283,71,3,0.37,2023-10-08 10:28:16,1,435.85,535.98,-100.13
1703,157,40,3,0.03,2020-05-29 20:38:01,2,1143.72,834.15,309.57
1704,152,3,5,0.03,2022-01-11 15:07:23,2,1705.41,762.65,942.76
1705,140,41,3,0.18,2023-05-04 02:33:26,4,821.25,443.76,377.49
1706,131,72,3,0.1,2021-11-20 04:51:14,4,283.96,156.63,127.33
1707,208,80,4,0.39,2022-04-06 09:15:51,3,769.87,661.48,108.39
1708,174,33,1,0.36,2021-05-23 08:47:43,5,273.56,194.95,78.61
1709,50,13,4,0.16,2020-07-17 20:53:53,5,1325.62,998.04,327.58
1710,188,46,5,0.18,2022-07-22 12:49:15,5,203.24,135.9,67.34
1711,201,67,2,0.15,2023-09-05 03:13:35,6,386.63,249.92,136.71
1712,35,76,1,0.02,2022-01-29 06:35:48,3,420.44,202.37,218.07
1713,114,5,2,0.12,2021-09-22 18:35:32,5,733.87,347.46,386.41
1714,238,24,2,0.05,2020-07-07 09:52:27,3,728.97,482.42,246.55
1715,186,39,3,0.04,2023-10-11 07:18:38,2,808.5,581.79,226.71
1716,41,8,5,0.22,2023-06-23 01:02:30,1,576.11,338.15,237.96
1717,13,71,3,0.04,2023-08-09 20:23:45,1,664.16,535.98,128.18
1718,175,9,1,0.04,2021-06-08 03:48:34,6,329.13,151.32,177.81
1719,139,54,2,0.19,2022-07-01 22:28:46,2,313.65,299.86,13.79
1720,289,74,4,0.18,2021-09-23 13:32:53,6,956.81,854.64,102.17
1721,157,55,2,0.06,2020-12-08 14:11:01,5,289.99,143.72,146.27
1722,280,62,3,0.0,2020-10-27 06:34:25,3,1054.08,798.33,255.75
1723,65,22,4,0.08,2021-07-14 10:11:23,6,876.54,568.12,308.42
1724,135,67,2,0.09,2022-03-18 23:04:23,6,413.92,249.92,164.0
1725,42,34,4,0.32,2020-06-27 02:57:23,6,328.58,300.36,28.22
1726,173,5,2,0.37,2022-10-22 00:00:33,3,525.38,347.46,177.92
1727,57,30,1,0.16,2021-10-30 08:04:35,2,185.79,90.38,95.41
1728,148,28,2,0.16,2023-07-10 12:01:58,1,261.17,189.12,72.05
1729,104,42,3,0.28,2021-02-11 00:54:47,6,445.31,474.0,-28.69
1730,56,22,1,0.25,2020-03-16 08:19:57,6,178.64,142.03,36.61
1731,30,37,5,0.07,2021-03-31 14:25:13,4,699.03,385.2,313.83
1732,154,35,3,0.04,2023-11-22 01:33:00,1,97.52,45.03,52.49
1733,285,27,1,0.18,2021-04-15 02:47:39,5,231.08,150.1,80.98
1734,60,56,5,0.23,2022-10-24 13:46:25,2,1220.41,662.45,557.96
1735,122,25,5,0.06,2023-05-16 04:57:36,4,1500.19,940.65,559.54
1736,68,62,1,0.12,2021-02-19 01:49:33,4,309.2,266.11,43.09
1737,243,21,1,0.12,2022-07-27 04:34:53,1,295.56,199.72,95.84
1738,125,70,2,0.1,2020-10-25 12:47:43,1,813.22,456.3,356.92
1739,293,30,3,0.18,2021-06-12 19:42:59,1,544.1,271.14,272.96
1740,74,4,4,0.26,2021-03-08 06:55:14,6,472.48,361.6,110.88
1741,25,12,3,0.2,2022-09-08 16:28:37,6,20.74,19.95,0.79
1742,175,65,4,0.08,2023-07-02 13:25:49,3,1436.97,1107.08,329.89
1743,196,70,1,0.04,2021-01-03 11:29:43,3,433.72,228.15,205.57
1744,298,17,4,0.33,2023-04-13 13:51:06,3,622.19,727.52,-105.33
1745,262,49,5,0.19,2021-11-06 17:15:09,3,343.56,223.45,120.11
1746,266,46,3,0.02,2022-01-19 01:44:12,4,145.74,81.54,64.2
1747,191,11,3,0.1,2022-10-27 09:03:41,3,280.67,146.01,134.66
1748,108,37,2,0.32,2020-07-19 20:59:51,4,204.45,154.08,50.37
1749,129,56,5,0.3,2023-06-27 02:31:29,3,1109.46,662.45,447.01
1750,41,78,1,0.35,2021-06-17 05:26:51,4,234.73,270.78,-36.05
1751,130,68,2,0.24,2022-08-19 12:20:00,6,212.44,122.38,90.06
1752,110,8,1,0.17,2021-09-22 23:39:06,2,122.61,67.63,54.98
1753,11,20,5,0.17,2023-01-04 12:56:46,1,256.01,133.6,122.41
1754,62,35,3,0.08,2022-06-11 21:52:40,4,93.45,45.03,48.42
1755,161,13,5,0.26,2020-09-10 01:22:15,1,1459.76,1247.55,212.21
1756,111,46,4,0.23,2020-10-01 06:04:05,2,152.68,108.72,43.96
1757,299,1,3,0.06,2023-07-05 00:22:13,5,624.32,420.84,203.48
1758,144,10,3,0.35,2022-01-28 14:56:48,3,144.65,141.33,3.32
1759,288,4,2,0.15,2021-02-06 13:12:00,4,271.35,180.8,90.55
1760,199,24,3,0.02,2020-07-28 03:45:43,5,1127.99,723.63,404.36
1761,13,61,4,0.13,2020-07-06 10:22:15,1,1582.53,1375.76,206.77
1762,62,15,5,0.35,2023-09-05 01:24:56,3,1150.7,1126.55,24.15
1763,212,79,3,0.37,2023-11-26 07:35:59,1,413.7,314.28,99.42
1764,164,22,5,0.2,2021-07-28 12:13:59,3,952.76,710.15,242.61
1765,91,4,5,0.38,2020-10-21 09:27:46,2,494.82,452.0,42.82
1766,157,27,3,0.35,2021-09-03 13:33:12,6,549.53,450.3,99.23
1767,271,60,3,0.33,2020-07-18 12:17:06,2,967.09,1009.59,-42.5
1768,117,9,1,0.34,2022-03-13 11:58:08,2,226.27,151.32,74.95
1769,14,6,2,0.15,2022-07-02 23:46:20,1,685.71,482.1,203.61
1770,94,68,5,0.3,2023-12-09 12:29:51,1,489.16,305.95,183.21
1771,281,48,1,0.23,2021-04-10 12:57:53,2,179.9,168.98,10.92
1772,229,28,2,0.29,2020-10-15 19:21:33,2,220.75,189.12,31.63
1773,252,61,4,0.07,2020-07-13 16:33:22,5,1691.67,1375.76,315.91
1774,274,68,2,0.29,2021-07-04 16:02:59,6,198.46,122.38,76.08
1775,36,29,5,0.38,2022-05-27 15:17:02,6,62.78,58.3,4.48
1776,85,45,4,0.12,2020-04-07 06:44:39,6,57.16,40.4,16.76
1777,18,1,1,0.39,2023-01-13 02:50:32,6,135.05,140.28,-5.23
1778,2,25,2,0.15,2021-11-02 18:10:01,3,542.62,376.26,166.36
1779,251,48,4,0.08,2023-03-04 01:40:15,3,859.76,675.92,183.84
1780,282,16,5,0.04,2021-11-07 20:46:53,4,1879.01,800.75,1078.26
1781,47,80,5,0.31,2020-08-15 01:09:41,2,1088.54,826.85,261.69
1782,217,78,5,0.22,2020-02-01 08:02:22,4,1408.41,1353.9,54.51
1783,161,21,1,0.12,2022-03-24 00:37:19,6,295.56,199.72,95.84
1784,21,32,4,0.24,2022-02-26 13:56:56,2,629.95,628.68,1.27
1785,275,16,1,0.13,2023-04-02 23:17:24,5,340.57,160.15,180.42
1786,262,41,1,0.18,2023-07-04 18:59:32,6,273.75,147.92,125.83
1787,171,10,4,0.35,2020-08-23 04:29:19,4,192.87,188.44,4.43
1788,213,32,3,0.27,2021-04-04 10:38:03,3,453.81,471.51,-17.7
1789,120,45,4,0.3,2020-10-30 05:11:09,2,45.47,40.4,5.07
1790,238,49,5,0.23,2020-06-04 19:15:44,2,326.6,223.45,103.15
1791,134,48,1,0.4,2020-01-04 12:29:43,2,140.18,168.98,-28.8
1792,297,18,3,0.1,2020-04-30 04:12:12,5,773.63,509.67,263.96
1793,19,64,5,0.1,2022-02-04 23:10:51,4,2181.33,1275.75,905.58
1794,52,56,3,0.04,2020-08-09 17:21:05,2,912.93,397.47,515.46
1795,291,61,3,0.22,2020-10-11 05:38:47,4,1064.12,1031.82,32.3
1796,87,38,3,0.25,2020-06-21 00:57:14,5,748.46,662.4,86.06
1797,94,72,5,0.29,2022-11-23 09:27:35,1,373.35,261.05,112.3
1798,238,32,1,0.13,2022-07-17 02:19:53,1,180.28,157.17,23.11
1799,57,65,5,0.0,2023-11-05 19:58:24,6,1952.4,1383.85,568.55
1800,155,17,5,0.25,2020-06-11 18:46:17,5,870.6,909.4,-38.8
1801,86,20,5,0.4,2020-10-31 18:47:32,4,185.07,133.6,51.47
1802,60,43,3,0.12,2021-10-27 07:44:30,6,1076.96,602.22,474.74
1803,290,45,3,0.07,2022-08-05 16:21:33,4,45.31,30.3,15.01
1804,60,60,2,0.11,2020-07-08 21:58:31,4,856.43,673.06,183.37
1805,29,24,2,0.17,2020-11-05 06:40:46,2,636.89,482.42,154.47
1806,203,70,5,0.1,2021-09-07 09:48:25,5,2033.06,1140.75,892.31
1807,261,27,3,0.14,2020-01-27 06:57:37,5,727.07,450.3,276.77
1808,39,43,4,0.26,2021-07-31 02:25:16,2,1207.5,802.96,404.54
1809,213,75,1,0.14,2023-01-12 11:44:20,5,79.55,42.67,36.88
1810,163,44,4,0.16,2022-02-07 21:27:06,5,294.5,145.48,149.02
1811,250,55,4,0.02,2021-09-25 15:31:25,1,604.66,287.44,317.22
1812,39,73,5,0.37,2021-12-13 08:35:09,1,492.82,351.3,141.52
1813,293,78,1,0.16,2023-10-14 07:24:41,4,303.35,270.78,32.57
1814,186,40,3,0.13,2022-01-29 20:07:28,4,1025.81,834.15,191.66
1815,253,34,3,0.03,2022-02-19 01:22:38,4,351.53,225.27,126.26
1816,109,16,3,0.25,2023-09-20 23:47:26,3,880.78,480.45,400.33
1817,284,43,1,0.35,2020-08-17 22:11:58,6,265.16,200.74,64.42
1818,188,74,3,0.02,2020-05-20 02:35:11,3,857.63,640.98,216.65
1819,39,39,2,0.06,2021-10-18 16:05:47,2,527.77,387.86,139.91
1820,277,28,4,0.06,2021-04-10 03:10:08,1,584.53,378.24,206.29
1821,239,9,2,0.24,2020-10-23 05:19:42,6,521.12,302.64,218.48
1822,91,32,3,0.37,2020-06-23 11:24:39,5,391.65,471.51,-79.86
1823,164,19,4,0.18,2023-07-05 22:08:44,3,243.38,211.64,31.74
1824,117,79,1,0.14,2022-06-15 20:46:31,2,188.25,104.76,83.49
1825,164,43,4,0.31,2022-10-05 17:14:50,1,1125.91,802.96,322.95
1826,290,11,4,0.3,2020-06-21 09:40:52,1,291.06,194.68,96.38
1827,270,6,1,0.1,2021-05-13 05:00:27,1,363.02,241.05,121.97
1828,65,69,1,0.06,2022-06-25 09:55:51,4,49.55,36.83,12.72
1829,292,75,5,0.14,2022-02-09 14:49:26,2,397.75,213.35,184.4
1830,132,62,2,0.31,2022-10-11 12:40:17,1,484.88,532.22,-47.34
1831,212,10,5,0.28,2022-09-04 10:35:08,2,267.05,235.55,31.5
1832,230,8,3,0.27,2021-08-26 11:19:06,5,323.51,202.89,120.62
1833,145,16,2,0.33,2023-02-16 23:20:03,3,524.56,320.3,204.26
1834,137,61,2,0.11,2021-01-14 01:15:54,1,809.46,687.88,121.58
1835,137,62,4,0.14,2020-04-27 00:21:29,5,1208.68,1064.44,144.24
1836,259,68,1,0.02,2023-08-26 12:42:23,3,136.96,61.19,75.77
1837,116,8,3,0.35,2020-02-02 21:03:36,2,288.05,202.89,85.16
1838,84,13,2,0.23,2021-02-18 03:45:36,5,607.58,499.02,108.56
1839,109,73,1,0.12,2020-06-16 02:25:21,6,137.68,70.26,67.42
1840,59,75,2,0.03,2020-12-04 11:19:45,4,179.45,85.34,94.11
1841,118,59,3,0.29,2021-07-30 16:40:14,1,135.06,143.94,-8.88
1842,35,9,4,0.3,2020-07-08 05:30:30,2,959.95,605.28,354.67
1843,27,6,1,0.27,2021-11-12 09:23:58,4,294.45,241.05,53.4
1844,218,5,5,0.08,2023-09-15 21:26:44,6,1918.06,868.65,1049.41
1845,24,56,5,0.37,2020-07-18 05:36:55,6,998.52,662.45,336.07
1846,171,68,4,0.3,2023-09-14 19:28:35,6,391.33,244.76,146.57
1847,234,51,5,0.26,2021-08-23 06:48:21,5,297.44,207.55,89.89
1848,218,21,3,0.26,2022-05-14 23:41:58,4,745.61,599.16,146.45
1849,134,61,5,0.36,2021-10-06 18:27:44,4,1455.2,1719.7,-264.5
1850,59,5,4,0.37,2021-04-07 06:50:40,5,1050.76,694.92,355.84
1851,280,67,3,0.24,2020-06-08 06:30:44,5,518.54,374.88,143.66
1852,251,72,1,0.17,2022-05-16 06:37:39,4,87.29,52.21,35.08
1853,184,58,3,0.15,2023-08-31 07:45:54,1,123.39,115.68,7.71
1854,27,71,5,0.33,2022-01-30 08:25:05,6,772.54,893.3,-120.76
1855,11,47,5,0.26,2022-05-24 18:04:23,1,1341.51,1326.85,14.66
1856,95,38,3,0.03,2022-07-28 20:46:46,3,968.01,662.4,305.61
1857,48,26,2,0.06,2021-07-21 06:17:05,3,524.56,282.8,241.76
1858,259,74,4,0.36,2020-06-25 01:48:52,6,746.78,854.64,-107.86
1859,62,56,1,0.35,2022-01-10 02:01:39,1,206.04,132.49,73.55
1860,85,16,1,0.38,2023-06-22 15:13:41,3,242.71,160.15,82.56
1861,293,77,3,0.17,2021-04-03 17:28:47,3,947.37,730.23,217.14
1862,246,5,5,0.31,2023-06-26 08:15:03,1,1438.55,868.65,569.9
1863,66,48,2,0.33,2023-06-01 07:45:33,2,313.06,337.96,-24.9
1864,116,16,3,0.13,2020-12-23 09:56:33,3,1021.71,480.45,541.26
1865,155,54,2,0.06,2022-04-19 12:31:37,6,363.99,299.86,64.13
1866,200,34,3,0.4,2022-12-27 10:20:23,3,217.44,225.27,-7.83
1867,281,35,1,0.01,2021-12-23 13:08:57,6,33.52,15.01,18.51
1868,262,54,3,0.24,2022-10-18 01:53:37,5,441.43,449.79,-8.36
1869,294,61,3,0.26,2023-08-22 21:25:28,5,1009.54,1031.82,-22.28
1870,13,31,2,0.27,2022-07-04 19:32:02,6,162.38,162.5,-0.12
1871,71,80,2,0.1,2023-05-08 10:48:31,5,567.94,330.74,237.2
1872,169,40,4,0.29,2023-03-15 09:51:00,5,1116.21,1112.2,4.01
1873,15,13,1,0.09,2023-04-01 16:34:41,1,359.02,249.51,109.51
1874,107,1,1,0.33,2023-05-29 10:32:50,5,148.33,140.28,8.05
1875,47,17,1,0.09,2020-11-25 09:20:47,1,211.27,181.88,29.39
1876,280,56,5,0.28,2020-01-27 19:09:37,5,1141.16,662.45,478.71
1877,19,44,2,0.31,2020-08-11 13:26:01,4,120.96,72.74,48.22
1878,45,28,1,0.08,2020-12-30 12:28:00,5,143.02,94.56,48.46
1879,59,39,5,0.1,2022-10-04 12:58:55,4,1263.29,969.65,293.64
1880,45,68,1,0.31,2022-01-14 12:27:00,3,96.43,61.19,35.24
1881,171,46,2,0.03,2021-11-15 05:13:28,3,96.17,54.36,41.81
1882,110,5,1,0.08,2020-01-14 06:07:21,4,383.61,173.73,209.88
1883,274,4,4,0.18,2022-09-25 05:17:36,3,523.55,361.6,161.95
1884,79,39,4,0.37,2021-06-15 19:11:04,3,707.44,775.72,-68.28
1885,162,33,4,0.22,2023-01-15 12:22:41,3,1333.58,779.8,553.78
1886,199,69,2,0.16,2020-06-13 15:09:45,4,88.55,73.66,14.89
1887,188,47,2,0.39,2021-03-07 03:47:07,2,442.34,530.74,-88.4
1888,239,61,5,0.19,2020-03-20 20:38:16,4,1841.74,1719.7,122.04
1889,61,47,5,0.17,2021-02-19 14:09:04,2,1504.67,1326.85,177.82
1890,153,28,1,0.16,2023-09-10 02:24:35,2,130.59,94.56,36.03
1891,241,53,4,0.12,2021-12-17 14:44:17,3,794.99,453.84,341.15
1892,259,50,5,0.13,2021-10-03 18:04:02,1,1100.64,988.25,112.39
1893,186,58,3,0.28,2021-02-03 09:10:04,4,104.52,115.68,-11.16
1894,196,16,4,0.02,2021-01-21 17:03:29,5,1534.52,640.6,893.92
1895,260,52,1,0.27,2022-09-01 06:01:35,6,255.27,211.91,43.36
1896,188,23,1,0.08,2023-12-09 08:35:37,2,262.01,220.75,41.26
1897,285,64,1,0.15,2022-12-26 05:26:05,4,412.03,255.15,156.88
1898,39,64,1,0.06,2022-12-12 00:13:58,4,455.66,255.15,200.51
1899,105,50,5,0.22,2021-11-20 04:14:40,5,986.78,988.25,-1.47
1900,34,76,4,0.29,2020-05-24 00:18:05,4,1218.42,809.48,408.94
1901,28,44,4,0.14,2022-11-22 17:56:37,5,301.52,145.48,156.04
1902,142,3,2,0.07,2023-03-26 17:43:59,6,654.03,305.06,348.97
1903,68,49,5,0.09,2022-01-15 05:43:56,1,385.98,223.45,162.53
1904,123,63,1,0.33,2020-05-13 14:29:32,3,91.53,83.0,8.53
1905,132,9,5,0.11,2022-11-06 19:01:30,4,1525.64,756.6,769.04
1906,187,9,1,0.31,2023-09-06 18:05:52,4,236.56,151.32,85.24
1907,284,22,1,0.13,2020-11-24 10:53:14,3,207.23,142.03,65.2
1908,255,68,1,0.08,2020-08-20 18:48:49,2,128.58,61.19,67.39
1909,114,43,4,0.29,2022-12-14 17:03:37,4,1158.55,802.96,355.59
1910,98,79,2,0.19,2021-04-29 11:16:05,5,354.6,209.52,145.08
1911,232,70,3,0.01,2022-11-10 01:56:44,1,1341.82,684.45,657.37
1912,38,45,3,0.38,2022-10-23 15:14:58,4,30.21,30.3,-0.09
1913,163,55,4,0.06,2021-01-24 05:51:50,6,579.98,287.44,292.54
1914,127,27,2,0.14,2020-03-02 16:49:01,4,484.71,300.2,184.51
1915,55,8,1,0.15,2022-03-22 17:13:24,6,125.56,67.63,57.93
1916,185,32,2,0.2,2021-08-18 08:13:45,3,331.55,314.34,17.21
1917,97,48,2,0.31,2023-06-02 18:07:15,1,322.41,337.96,-15.55
1918,56,15,4,0.0,2021-06-06 15:35:20,5,1416.24,901.24,515.0
1919,196,18,4,0.37,2020-12-30 07:16:24,2,722.06,679.56,42.5
1920,53,2,1,0.26,2023-06-09 20:40:10,1,308.71,275.31,33.4
1921,202,59,4,0.38,2022-12-10 12:43:53,2,157.26,191.92,-34.66
1922,49,72,1,0.33,2022-06-21 19:25:32,6,70.46,52.21,18.25
1923,131,67,4,0.37,2023-10-24 18:59:37,5,573.12,499.84,73.28
1924,243,31,2,0.24,2023-02-17 04:14:53,2,169.05,162.5,6.55
1925,69,48,2,0.14,2023-06-18 17:07:00,4,401.84,337.96,63.88
1926,231,77,3,0.18,2023-03-12 13:02:36,3,935.96,730.23,205.73
1927,217,48,2,0.26,2021-08-09 05:15:49,2,345.77,337.96,7.81
1928,271,24,4,0.17,2020-04-01 00:56:02,6,1273.78,964.84,308.94
1929,51,28,5,0.29,2022-06-05 12:33:32,5,551.88,472.8,79.08
1930,215,59,5,0.04,2023-01-21 17:51:05,3,304.37,239.9,64.47
1931,282,36,3,0.33,2023-12-18 23:37:31,3,290.02,289.56,0.46
1932,229,67,3,0.08,2022-09-22 03:35:51,5,627.71,374.88,252.83
1933,57,70,3,0.38,2022-04-09 22:02:48,3,840.33,684.45,155.88
1934,247,3,4,0.06,2022-04-20 13:03:08,3,1322.13,610.12,712.01
1935,33,58,3,0.05,2020-06-16 22:34:01,3,137.91,115.68,22.23
1936,177,30,3,0.32,2020-01-11 18:22:41,3,451.21,271.14,180.07
1937,150,42,3,0.33,2020-03-07 07:53:37,4,414.38,474.0,-59.62
1938,160,22,2,0.3,2023-08-14 02:50:18,1,333.47,284.06,49.41
1939,156,30,3,0.38,2023-02-27 20:37:13,3,411.39,271.14,140.25
1940,10,27,4,0.11,2021-01-14 20:32:27,3,1003.24,600.4,402.84
1941,153,5,3,0.33,2021-09-10 11:56:11,2,838.11,521.19,316.92
1942,282,63,5,0.14,2021-12-07 01:52:35,3,587.42,415.0,172.42
1943,132,12,5,0.21,2020-12-26 08:19:25,3,34.13,33.25,0.88
1944,84,31,3,0.18,2021-09-09 02:36:04,3,273.6,243.75,29.85
1945,299,16,5,0.0,2021-05-22 14:25:40,6,1957.3,800.75,1156.55
1946,30,13,1,0.23,2022-10-11 09:17:08,4,303.79,249.51,54.28
1947,146,30,5,0.3,2023-01-10 18:20:42,4,774.13,451.9,322.23
1948,154,74,2,0.07,2020-05-23 17:02:42,2,542.58,427.32,115.26
1949,144,76,3,0.37,2021-11-10 06:15:59,6,810.85,607.11,203.74
1950,277,31,2,0.21,2023-12-18 04:55:39,1,175.73,162.5,13.23
1951,127,41,3,0.07,2023-06-22 00:13:19,4,931.41,443.76,487.65
1952,292,79,2,0.26,2023-03-04 21:27:57,2,323.96,209.52,114.44
1953,21,19,4,0.08,2022-12-08 23:47:33,5,273.06,211.64,61.42
1954,221,76,1,0.03,2020-01-07 07:32:38,3,416.15,202.37,213.78
1955,178,9,5,0.27,2023-11-23 01:27:20,2,1251.37,756.6,494.77
1956,73,19,5,0.04,2022-12-09 09:00:00,1,356.16,264.55,91.61
1957,69,28,3,0.04,2023-07-21 05:10:19,5,447.72,283.68,164.04
1958,216,3,3,0.3,2023-08-19 23:41:45,3,738.42,457.59,280.83
1959,192,66,4,0.02,2021-01-06 15:20:03,2,1410.65,956.76,453.89
1960,184,69,1,0.32,2020-01-21 04:09:13,6,35.84,36.83,-0.99
1961,16,31,4,0.32,2022-08-20 05:26:07,1,302.52,325.0,-22.48
1962,180,67,2,0.06,2021-11-01 02:33:17,3,427.57,249.92,177.65
1963,295,62,4,0.21,2020-01-30 23:49:40,1,1110.3,1064.44,45.86
1964,6,65,2,0.04,2021-01-30 09:08:49,1,749.72,553.54,196.18
1965,141,65,4,0.25,2023-12-18 00:22:46,1,1171.44,1107.08,64.36
1966,149,46,4,0.03,2021-06-14 12:29:23,2,192.33,108.72,83.61
1967,270,9,2,0.38,2021-01-16 01:39:14,6,425.12,302.64,122.48
1968,85,74,4,0.08,2022-08-13 15:29:45,3,1073.49,854.64,218.85
1969,143,49,3,0.27,2022-08-28 14:25:12,6,185.78,134.07,51.71
1970,216,73,2,0.05,2021-04-29 20:58:10,2,297.25,140.52,156.73
1971,19,77,3,0.08,2023-05-24 18:20:34,5,1050.1,730.23,319.87
1972,241,15,5,0.18,2022-04-27 05:59:13,1,1451.65,1126.55,325.1
1973,247,33,1,0.23,2020-08-22 06:40:54,1,329.12,194.95,134.17
1974,216,16,5,0.4,2021-04-19 11:20:20,1,1174.38,800.75,373.63
1975,195,5,5,0.01,2023-05-22 21:41:31,6,2064.0,868.65,1195.35
1976,225,78,3,0.0,2020-05-10 10:04:22,5,1083.39,812.34,271.05
1977,235,74,4,0.14,2020-01-18 21:05:17,5,1003.48,854.64,148.84
1978,272,75,2,0.15,2022-08-16 11:47:41,6,157.25,85.34,71.91
1979,129,71,1,0.35,2021-10-07 06:52:44,2,149.9,178.66,-28.76
1980,137,52,3,0.37,2021-01-04 03:15:05,5,660.9,635.73,25.17
1981,192,42,5,0.35,2021-11-20 04:11:53,4,670.02,790.0,-119.98
1982,58,80,2,0.06,2020-09-25 00:47:38,4,593.18,330.74,262.44
1983,257,45,4,0.16,2021-06-30 04:08:18,4,54.57,40.4,14.17
1984,232,52,4,0.3,2020-12-07 11:59:01,3,979.1,847.64,131.46
1985,190,17,4,0.13,2022-05-06 02:55:17,1,807.92,727.52,80.4
1986,91,60,2,0.27,2022-09-10 12:05:30,1,702.46,673.06,29.4
1987,105,66,2,0.09,2023-08-28 16:04:33,4,654.95,478.38,176.57
1988,131,55,3,0.13,2020-04-08 21:53:16,4,402.59,215.58,187.01
1989,199,40,5,0.34,2021-04-22 09:41:54,5,1297.0,1390.25,-93.25
1990,234,16,5,0.1,2021-01-21 02:03:23,4,1761.57,800.75,960.82
1991,202,3,3,0.39,2022-04-25 17:15:59,2,643.48,457.59,185.89
1992,279,51,5,0.12,2022-02-17 08:51:55,3,353.72,207.55,146.17
1993,289,55,3,0.01,2023-07-05 02:17:12,3,458.12,215.58,242.54
1994,212,62,2,0.1,2023-09-03 18:23:55,6,632.45,532.22,100.23
1995,112,77,1,0.07,2023-02-02 13:45:31,4,353.84,243.41,110.43
1996,180,40,4,0.2,2020-10-17 09:55:23,4,1257.7,1112.2,145.5
1997,128,67,4,0.05,2020-02-29 11:17:36,5,864.23,499.84,364.39
1998,189,58,5,0.25,2023-08-05 18:33:34,3,181.46,192.8,-11.34
1999,244,23,4,0.35,2023-10-08 11:23:18,6,740.45,883.0,-142.55
2000,111,68,1,0.15,2020-12-31 13:29:29,5,118.8,61.19,57.61
